,nconst,primaryName,category
0,nm0000092,John Cleese,actor
1,nm0000136,Johnny Depp,actor
2,nm0000151,Morgan Freeman,actor
3,nm0000160,Ethan Hawke,actor
4,nm0000218,Kristin Scott Thomas,actress
7,nm0000241,Jean-Claude Van Damme,actor
9,nm0000254,Isabelle Adjani,actress
14,nm0000272,Fanny Ardant,actress
23,nm0000300,Juliette Binoche,actress
31,nm0000322,Emmanuelle Béart,actress
36,nm0000342,James Cromwell,actor
37,nm0000365,Julie Delpy,actress
39,nm0000366,Catherine Deneuve,actress
52,nm0000367,Gérard Depardieu,actor
78,nm0000404,Jane Fonda,actress
79,nm0000420,Valeria Golino,actress
82,nm0000422,John Goodman,actor
83,nm0000483,Christopher Lambert,actor
87,nm0000499,Bai Ling,actress
88,nm0000518,John Malkovich,actor
90,nm0000521,Sophie Marceau,actress
97,nm0000606,Jean Reno,actor
108,nm0000618,Isabella Rossellini,actress
109,nm0000654,Terence Stamp,actor
110,nm0000721,Victoria Abril,actress
116,nm0000767,Jean-Hugues Anglade,actor
123,nm0000804,Stéphane Audran,actress
124,nm0000809,Daniel Auteuil,actor
145,nm0000852,Jean-Marc Barr,actor
147,nm0000882,Nathalie Baye,actress
156,nm0000899,Monica Bellucci,actress
158,nm0000901,Jean-Paul Belmondo,actor
160,nm0000945,Jane Birkin,actress
164,nm0000962,Carole Bouquet,actress
172,nm0000991,Geneviève Bujold,actress
174,nm0001012,Claudia Cardinale,actress
175,nm0001036,Geraldine Chaplin,actress
176,nm0001075,Peter Coyote,actor
178,nm0001095,Béatrice Dalle,actress
180,nm0001128,Alain Delon,actor
181,nm0001163,Roy Dupuis,actor
184,nm0001250,Charlotte Gainsbourg,actress
193,nm0001376,Isabelle Huppert,actress
206,nm0001393,Irène Jacob,actress
208,nm0001409,Tchéky Karyo,actor
212,nm0001437,Emir Kusturica,actor
214,nm0001461,Virginie Ledoyen,actress
220,nm0001560,Ornella Muti,actress
221,nm0001594,Anne Parillaud,actress
223,nm0001641,Vincent Perez,actor
230,nm0001648,Charlotte Rampling,actress
234,nm0001725,Omar Sharif,actor
235,nm0001929,Josiane Balasko,actress
262,nm0001943,Marisa Berenson,actress
263,nm0001960,Romane Bohringer,actress
269,nm0001965,Élodie Bouchez,actress
276,nm0001993,Vincent Cassel,actor
283,nm0002010,Christian Clavier,actor
308,nm0002076,Jason Flemyng,actor
310,nm0002100,Marie Gillain,actress
316,nm0002105,Judith Godrèche,actress
321,nm0002776,Johnny Hallyday,actor
323,nm0003133,Jean-Christophe Bouvet,actor
325,nm0003508,Michel Blanc,actor
342,nm0003909,Michael Lonsdale,actor
346,nm0004133,Aure Atika,actress
357,nm0004248,Georges Corraface,actor
358,nm0004380,Antoine de Caunes,actor
361,nm0004381,Emma de Caunes,actress
363,nm0004825,Emmanuelle Chriqui,actress
364,nm0004851,Penélope Cruz,actress
365,nm0005023,Djimon Hounsou,actor
366,nm0005599,Jérémie Elkaïm,actor
372,nm0006620,Jean-Pierre Mocky,actor
374,nm0006939,Richard Berry,actor
386,nm0007069,Pierre Richard,actor
399,nm0007183,Ian Richardson,actor
400,nm0007814,Hiam Abbass,actress
402,nm0008084,Carol Abboud,actress
403,nm0008404,Yaël Abecassis,actress
404,nm0008442,Dominique Abel,actor
406,nm0008506,Lionel Abelanski,actor
416,nm0008787,Simon Abkarian,actor
421,nm0008865,Emile Abossolo M'bo,actor
422,nm0009629,Stefano Accorsi,actor
423,nm0009636,Thomas Acda,actor
424,nm0010562,Marie-Christine Adam,actress
425,nm0011612,Karim Adda,actor
426,nm0012239,Sarah Adler,actress
427,nm0013247,Sid Ahmed Agoumi,actor
428,nm0013841,Pegah Ahangarani,actress
429,nm0014133,Paul Ahmarani,actor
430,nm0014844,Yasit Ait Hamoudi,actor
431,nm0015501,Agnès Akopian,actress
432,nm0015961,Bernard Alane,actor
434,nm0016054,Nadine Alari,actress
436,nm0020218,Benoît Allemane,actor
437,nm0021835,Joaquim de Almeida,actor
438,nm0023348,Anne Alvaro,actress
442,nm0023663,Karen Alyx,actress
443,nm0023703,Christophe Alévêque,actor
445,nm0023832,Mathieu Amalric,actor
464,nm0024971,Amiran Amiranashvili,actor
465,nm0025857,Richard Anconina,actor
470,nm0028037,Dino Andrade,actor
471,nm0031785,Anémone,actress
475,nm0033389,Pascale Arbillot,actress
500,nm0034079,Pierre Arditi,actor
514,nm0034390,Niels Arestrup,actor
516,nm0034519,Victor Argo,actor
517,nm0034798,Claudie Arif,actress
518,nm0035128,Swann Arlaud,actor
522,nm0035382,Armelle,actress
523,nm0037130,Fernando Arrabal,actor
524,nm0038449,Ariane Ascaride,actress
534,nm0038450,Pierre Banderet,actor
535,nm0040005,Lionnel Astier,actor
539,nm0040545,Féodor Atkine,actor
544,nm0040939,Yvan Attal,actor
551,nm0041334,Stéphane Aubier,actor
552,nm0041746,Maurice Aufair,actor
553,nm0042104,Michel Aumont,actor
556,nm0044073,Lubna Azabal,actress
558,nm0044535,Sabine Azéma,actress
573,nm0044865,Fabienne Babe,actress
574,nm0045625,Yvon Back,actor
575,nm0045870,Jean-Pierre Bacri,actor
585,nm0046277,Bae Doona,actress
586,nm0046347,Edouard Baer,actor
607,nm0046424,Veerle Baetens,actress
609,nm0046494,Laurent Baffie,actor
610,nm0049071,Simon Bakhouche,actor
611,nm0050210,Jeanne Balibar,actress
620,nm0050983,Jean-François Balmer,actor
623,nm0051397,Jamie Bamber,actor
625,nm0053903,Marc Barbé,actor
626,nm0054403,Djemel Barek,actor
627,nm0054453,Nadia Barentin,actress
628,nm0056765,Véronique Barrault,actress
629,nm0057563,Sebastian Barrio,actor
630,nm0057842,Olivier Baroux,actor
634,nm0058246,Yves Barsacq,actor
635,nm0058581,Justin Bartha,actor
636,nm0058713,Maurice Barthélémy,actor
639,nm0058864,Murray Bartlett,actor
640,nm0059564,Patricia Barzyk,actress
641,nm0059571,Thylda Barès,actress
643,nm0059600,Philippe Bas,actor
646,nm0059817,Alain Bashung,actor
647,nm0060780,Laurent Bateau,actor
648,nm0062359,Julien Baumgartner,actor
651,nm0062449,Valérie Baurens,actress
652,nm0064741,Xavier Beauvois,actor
653,nm0064895,Didier Becchetti,actor
654,nm0066080,Ramzy Bedia,actor
678,nm0066159,Guy Bedos,actor
679,nm0067367,Bérénice Bejo,actress
691,nm0067878,Bertrand Belin,actor
692,nm0067943,Areski Belkacem,actor
693,nm0067955,Karim Belkhadra,actor
694,nm0069177,Gilles Bellomi,actor
695,nm0069289,Yasmine Belmadi,actor
696,nm0070168,Ahmed Benaïssa,actor
697,nm0071114,Jean Benguigui,actor
701,nm0071116,Valérie Benguigui,actress
708,nm0073384,Emmanuelle Bercot,actress
710,nm0073457,Magaly Berdy,actress
711,nm0074168,Éric Berger,actor
715,nm0075650,Charles Berling,actor
729,nm0075710,François Berléand,actor
755,nm0076888,Michèle Bernier,actress
757,nm0076889,Mélanie Bernier,actress
770,nm0077342,Catherine Berriane,actress
771,nm0077449,Jackie Berroyer,actor
778,nm0077597,Joséphine Berry,actress
779,nm0077622,Marilou Berry,actress
792,nm0077715,Dorothée Berryman,actress
793,nm0077781,Muriel Bersy,actress
794,nm0077873,Jean-Yves Berteloot,actor
795,nm0077987,Ludovic Berthillot,actor
797,nm0078097,Françoise Bertin,actress
798,nm0078326,Marius Bertram,actor
799,nm0078605,Nathalie Besançon,actress
800,nm0080020,Didier Bezace,actor
803,nm0081175,Jean-Luc Bideau,actor
807,nm0081226,Jacques Bidou,actor
808,nm0081710,Jean-Marie Bigard,actor
811,nm0084670,Biyouna,actress
814,nm0086924,Dominique Blanc,actress
819,nm0087111,Thomas Blanchard,actor
822,nm0087152,Narda Blanchet,actress
823,nm0087158,Séverin Blanchet,actor
824,nm0087324,Rita Blanco,actress
825,nm0088600,Bernard Bloch,actor
826,nm0091016,Marc Bodnar,actor
827,nm0091083,Valérie Bodson,actress
828,nm0092184,Richard Bohringer,actor
829,nm0092230,Thibaut Boidin,actor
830,nm0092362,Julien Boisselier,actor
834,nm0093203,Élodie Bollée,actress
835,nm0093740,Olivia Bonamy,actress
839,nm0094445,Pascal Bongard,actor
840,nm0094724,Agathe Bonitzer,actress
846,nm0094782,Jacques Bonnaffé,actor
848,nm0094786,Jean-Paul Bonnaire,actor
849,nm0094789,Sandrine Bonnaire,actress
852,nm0094790,Frédérique Bonnal,actress
853,nm0094858,Patrick Bonnel,actor
854,nm0094993,Valérie Bonneton,actress
863,nm0096496,Jean-Luc Borgeat,actor
864,nm0098179,Patrick Bosso,actor
866,nm0098793,Sami Bouajila,actor
872,nm0098810,Jacques Bouanich,actor
873,nm0098928,Raymond Bouchard,actor
874,nm0099084,Patrick Bouchitey,actor
876,nm0099134,Jacques Boudet,actor
878,nm0099302,Éric Bougnon,actor
879,nm0099346,Christian Bouillette,actor
880,nm0099356,Cécile Bouillot,actress
881,nm0099377,Matthieu Boujenah,actor
882,nm0099378,Michel Boujenah,actor
883,nm0099521,Bouli Lanners,actor
898,nm0099677,Michel Bouquet,actor
899,nm0099820,Sacha Bourdo,actor
901,nm0099828,Didier Bourdon,actor
921,nm0100280,Nathalie Boutefeu,actress
923,nm0100307,Stéphane Boutet,actor
924,nm0100530,Alain Bouzigues,actor
925,nm0101710,Billy Boyd,actor
926,nm0102078,Myriam Boyer,actress
929,nm0102410,Lia Boysen,actress
930,nm0102516,Serge Bozon,actor
932,nm0102678,Denis Braccini,actor
933,nm0105317,Patrick Braoudé,actor
935,nm0105472,Alexandre Brasseur,actor
936,nm0105475,Claude Brasseur,actor
943,nm0105938,Stéphanie Dupont,actress
944,nm0108400,Jean-Claude Brialy,actor
945,nm0108478,Guillaume Briat,actor
946,nm0109363,Dany Brillant,actor
947,nm0109366,Pierre-Luc Brillant,actor
948,nm0109725,Françoise Brion,actress
949,nm0110507,Anne Brochet,actress
953,nm0112811,Jean-Noël Brouté,actor
955,nm0115730,Patrick Bruel,actor
961,nm0116254,Valeria Bruni Tedeschi,actress
972,nm0117577,David Brécourt,actor
973,nm0117709,Daniel Brühl,actor
974,nm0119532,Stomy Bugsy,actor
976,nm0119951,Raimonda Bulku,actress
977,nm0120431,Marie Bunel,actress
980,nm0122962,Jacques Buron,actor
981,nm0124481,Pascale Bussières,actress
983,nm0126023,Greg Eagles,actor
984,nm0126870,Maurice Bénichou,actor
986,nm0126875,Didier Bénureau,actor
989,nm0129885,Nicole Calfan,actress
992,nm0131399,Rozina Cambos,actress
993,nm0132064,Bernard Campan,actor
1003,nm0133713,Isabelle Candelier,actress
1011,nm0133899,Guillaume Canet,actor
1019,nm0134618,Marilyne Canto,actress
1023,nm0134642,Eric Cantona,actor
1028,nm0136001,Éric Caravaca,actor
1032,nm0136786,Alice Carel,actress
1033,nm0136789,Roger Carel,actor
1035,nm0140641,Eric Carrière,actor
1038,nm0141140,Isabelle Carré,actress
1058,nm0141697,Jim Carter,actor
1059,nm0142674,Camille de Casabianca,actress
1060,nm0142704,Gisèle Casadesus,actress
1063,nm0142944,Pascal Casanova,actor
1065,nm0142972,Amira Casar,actress
1067,nm0144039,Cécile Cassel,actress
1069,nm0144045,Jean-Pierre Cassel,actor
1074,nm0144126,Stefano Cassetti,actor
1075,nm0144274,Pierre Cassignard,actor
1076,nm0144377,Laetitia Casta,actress
1081,nm0144413,Jean-Pierre Castaldi,actor
1082,nm0144812,Sergio Castellitto,actor
1084,nm0146165,Brigitte Catillon,actress
1088,nm0146431,Philippe Caubère,actor
1089,nm0146637,Brice Cauvin,actor
1090,nm0147561,Daniel Ceccaldi,actor
1091,nm0148142,Caroline Cellier,actress
1092,nm0148982,Valentina Cervi,actress
1093,nm0148996,Pascal Cervo,actor
1096,nm0149260,Alain Chabat,actor
1112,nm0150520,Alain Chamfort,actor
1114,nm0150543,Lolita Chammah,actress
1118,nm0152647,Antoine Chappey,actor
1121,nm0153340,Christian Charmetant,actor
1124,nm0153488,Anne Charrier,actress
1126,nm0154210,François Chattot,actor
1128,nm0154358,Christian Chauvaud,actor
1129,nm0154707,Marie-Anne Chazel,actress
1134,nm0155098,Tsilla Chelton,actress
1135,nm0155782,Denis Chérer,actor
1136,nm0156228,Patrick Chesnais,actor
1145,nm0156697,Philippe Chevallier,actor
1146,nm0156849,Philippe Cheytion,actor
1147,nm0157255,Etienne Chicot,actor
1150,nm0158898,Yannick Choirat,actor
1151,nm0159177,Alain Choquet,actor
1152,nm0161046,Delphine Chuillot,actress
1153,nm0161323,Anaïs Chunleau,actress
1154,nm0161701,Jean-Quentin Châtelain,actor
1155,nm0162947,Christine Citti,actress
1156,nm0162950,Marc Citti,actor
1157,nm0163223,Estéban,actor
1160,nm0165398,Camille Clavel,actor
1161,nm0165401,Garance Clavel,actress
1163,nm0166438,Laure de Clermont-Tonnerre,actress
1164,nm0167388,François Cluzet,actor
1179,nm0167467,Aurore Clément,actress
1182,nm0167501,Suzanne Clément,actress
1188,nm0169300,Daniel Cohen,actor
1189,nm0169398,Gilles Cohen,actor
1196,nm0169621,Michaël Cohen,actor
1198,nm0169699,Renaud Cohen,actor
1199,nm0171499,Grégoire Colin,actor
1202,nm0171630,Adrià Collado,actor
1203,nm0173589,Jean-Marie Combelles,actor
1204,nm0174302,Marie-Sohna Condé,actress
1205,nm0175931,Anne Consigny,actress
1214,nm0179123,Loïc Corbery,actor
1215,nm0179684,Annie Cordy,actress
1217,nm0180404,Clovis Cornillac,actor
1241,nm0181429,Philippe Corti,actor
1242,nm0182827,Laetitia Coti,actress
1243,nm0182839,Marion Cotillard,actress
1249,nm0182946,Fanny Cottençon,actress
1250,nm0183258,Jean-Luc Couchard,actor
1253,nm0183660,Clotilde Courau,actress
1259,nm0183668,Julien Courbey,actor
1265,nm0184781,Darry Cowl,actor
1266,nm0186677,Lorella Cravotta,actress
1268,nm0187648,François Creton,actor
1269,nm0187814,Jean-Noël Cridlig-Veneziano,actor
1270,nm0189887,Marie-Josée Croze,actress
1273,nm0190211,Olivier Cruveiller,actor
1274,nm0190744,Marton Csokas,actor
1275,nm0193191,Emmanuel Curtil,actor
1278,nm0194662,Clémentine Célarié,actress
1281,nm0194759,Laurence Côte,actress
1282,nm0195883,Jean d'Ormesson,actor
1283,nm0198610,Andrée Damant,actress
1284,nm0199006,Linh-Dan Pham,actress
1286,nm0199047,Audrey Dana,actress
1296,nm0200434,Jacqueline Danno,actress
1297,nm0200702,Dany Boon,actor
1316,nm0200848,Ingeborga Dapkunaite,actress
1317,nm0201462,Gérard Darmon,actor
1335,nm0201638,Danielle Darrieux,actress
1338,nm0201669,Jean-Pierre Darroussin,actor
1364,nm0202528,Dave,actor
1365,nm0206317,Micheline Dax,actress
1366,nm0207732,Grace de Capitani,actress
1367,nm0208040,Virginie de Clausade,actress
1368,nm0208426,Cécile de France,actress
1378,nm0208756,Xavier de Guillebon,actor
1379,nm0209136,Alix de Konopka,actress
1380,nm0209629,Louis-Do de Lencquesaing,actor
1382,nm0210206,Antoine de Maximy,actor
1383,nm0210218,Maria de Medeiros,actress
1389,nm0210925,Camille De Pazzis,actress
1390,nm0211841,Eric De Staercke,actor
1391,nm0211956,Guillaume de Tonquédec,actor
1406,nm0213354,Jamel Debbouze,actor
1416,nm0213582,Richard Debuisne,actor
1417,nm0213847,Jennifer Decker,actress
1418,nm0214771,Claude Degliame,actress
1419,nm0217324,Jean Dell,actor
1420,nm0217645,Nikki Deloach,actress
1421,nm0217670,Anthony Delon,actor
1422,nm0217780,Michel Delpech,actor
1423,nm0217783,Scali Delpeyrat,actor
1427,nm0217817,Albert Delpy,actor
1432,nm0217868,Marine Delterme,actress
1433,nm0218022,Benoît Delépine,actor
1434,nm0218615,Pascal Demolon,actor
1444,nm0218634,Mylène Demongeot,actress
1447,nm0218690,Vanessa Demouy,actress
1449,nm0218843,Mathieu Demy,actor
1453,nm0218884,Marie Denarnaud,actress
1454,nm0219099,Marianne Denicourt,actress
1461,nm0220015,Elisabeth Depardieu,actress
1462,nm0220017,Julie Depardieu,actress
1476,nm0220183,Émilie Dequenne,actress
1484,nm0220798,Vincent Desagnat,actor
1498,nm0220907,Dante Desarthe,actor
1499,nm0220908,Gérard Desarthe,actor
1500,nm0220976,Alex Descas,actor
1501,nm0221000,Arthur Deschamps,actor
1502,nm0221022,Jérôme Deschamps,actor
1503,nm0221029,Patrick Descamps,actor
1505,nm0221035,Sophie Deschamps,actress
1506,nm0221315,Sébastien Desjours,actor
1507,nm0222066,Armelle Deutsch,actress
1511,nm0222088,Lorànt Deutsch,actor
1523,nm0222541,Fabrice Deville,actor
1525,nm0222922,Emmanuelle Devos,actress
1535,nm0223518,Caroline Dhavernas,actress
1536,nm0224937,Fatoumata Diawara,actress
1537,nm0224957,Christian Diaz,actor
1538,nm0225899,Frédéric Diefenthal,actor
1546,nm0225921,Juan Diego,actor
1547,nm0226383,Nade Dieu,actress
1548,nm0226386,Dieudonné,actor
1551,nm0229073,Rachid Djaidani,actor
1552,nm0229943,Vernon Dobtcheff,actor
1553,nm0230697,Lou Doillon,actress
1554,nm0231319,Arielle Dombasle,actress
1560,nm0232357,Jean-Claude Donda,actor
1563,nm0233123,Valérie Donzelli,actress
1573,nm0234237,Anne Dorval,actress
1574,nm0234755,Doud,actor
1575,nm0235460,Alain Doutey,actor
1576,nm0235461,Mélanie Doutey,actress
1583,nm0236816,Joséphine Draï,actress
1585,nm0237835,Jean-Claude Dreyfus,actor
1587,nm0238297,Patrick Dross,actor
1588,nm0238475,Léa Drucker,actress
1601,nm0239498,Franck Dubosc,actor
1628,nm0239680,Hélène Duc,actress
1629,nm0239764,Caroline Ducey,actress
1630,nm0239816,Michel Duchaussoy,actor
1634,nm0239870,Kate Duchêne,actress
1635,nm0240426,Yan Duffas,actor
1636,nm0241121,Jean Dujardin,actor
1658,nm0241383,Antoine Duléry,actor
1666,nm0243355,Albert Dupontel,actor
1679,nm0243620,Philippe Duquesne,actor
1683,nm0243803,Jean-Pierre Durand,actor
1684,nm0243805,Julie Durand,actress
1686,nm0244151,Romain Duris,actor
1696,nm0244707,André Dussollier,actor
1719,nm0244850,Jacques Dutronc,actor
1721,nm0244851,Thomas Dutronc,actor
1723,nm0245164,Nicolas Duvauchelle,actor
1731,nm0246362,Grégori Derangère,actor
1733,nm0248254,Eriq Ebouaney,actor
1734,nm0252677,Darina Al Joundi,actress
1735,nm0252714,Micky El Mazroui,actor
1736,nm0252775,Judith El Zein,actress
1742,nm0252979,Vincent Elbaz,actor
1758,nm0253018,Pascal Elbé,actor
1770,nm0255362,Gad Elmaleh,actor
1782,nm0255475,Eric Elmosnino,actor
1794,nm0255693,Pascal Elso,actor
1796,nm0256075,Ouassini Embarek,actor
1797,nm0257100,Joseph Engel,actor
1799,nm0261143,Bruno Esposito,actor
1800,nm0262521,Alice Evans,actress
1801,nm0264554,Françoise Fabian,actress
1803,nm0267042,Golshifteh Farahani,actress
1809,nm0267188,Bernard Farcy,actor
1812,nm0268626,Nadia Farès,actress
1814,nm0268949,Michel Fau,actor
1815,nm0269002,Faudel,actor
1817,nm0271408,Mohamed Fellag,actor
1819,nm0275093,Michel Ferry,actor
1820,nm0275138,Andréa Ferréol,actress
1822,nm0275423,Serge Feuillard,actor
1823,nm0277229,Hélène Fillières,actress
1828,nm0280081,Grégory Fitoussi,actor
1831,nm0280955,Didier Flamand,actor
1835,nm0282433,Chloé Flipo,actress
1836,nm0282530,Suzanne Flon,actress
1837,nm0283997,Marina Foïs,actress
1861,nm0284780,Brigitte Fontaine,actress
1862,nm0284869,Élodie Fontan,actress
1868,nm0288271,Hélène de Fougerolles,actress
1874,nm0288510,Julie Fournier,actress
1875,nm0290420,Carole Franck,actress
1878,nm0291790,Jacques Frantz,actor
1880,nm0293889,Stéphane Freiss,actor
1882,nm0296594,Catherine Frot,actress
1897,nm0297004,Thierry Frémont,actor
1901,nm0299663,Zoé Félix,actress
1904,nm0299951,Tania Garbarski,actress
1905,nm0301245,Manoëlle Gaillard,actress
1906,nm0301556,Michel Galabru,actor
1907,nm0302020,Jean-Marie Galey,actor
1908,nm0302105,Anna Galiena,actress
1909,nm0302916,Guillaume Gallienne,actor
1914,nm0303145,Jean-François Gallotte,actor
1915,nm0303826,Jacques Gamblin,actor
1926,nm0303909,Laurent Gamelon,actor
1927,nm0304178,Catherine Gandois,actress
1928,nm0305296,José Garcia,actor
1950,nm0305358,Michèle Garcia,actress
1951,nm0305365,Nanou Garcia,actress
1953,nm0305368,Nicole Garcia,actress
1958,nm0305558,Gael García Bernal,actor
1960,nm0308039,Louis Garrel,actor
1968,nm0309469,Gilles Gaston-Dreyfus,actor
1969,nm0310865,Julie Gayet,actress
1986,nm0311710,Valerie Geffner,actress
1987,nm0312753,Jean-Marc Généreux,actor
1988,nm0312985,Claude Gensac,actress
1990,nm0315712,Enrico Ghezzi,actor
1991,nm0316211,Isabelle Giami,actress
1992,nm0317858,Raymond Gil,actor
1993,nm0320033,Francis Ginibre,actor
1996,nm0320209,Vahina Giocante,actress
1998,nm0320481,Arnaud Giovaninetti,actor
1999,nm0320721,Rémy Girard,actor
2001,nm0320740,Isabelle Girardet,actress
2002,nm0320759,Ana Girardot,actress
2007,nm0320760,Annie Girardot,actress
2008,nm0320762,Hippolyte Girardot,actor
2012,nm0320801,Roland Giraud,actor
2018,nm0320808,Bernard Giraudeau,actor
2020,nm0320812,Sara Giraudeau,actress
2024,nm0320980,Benoît Giros,actor
2025,nm0321005,Gérard Giroudon,actor
2026,nm0324078,Raphaële Godin,actress
2027,nm0330185,Fiona Gordon,actress
2029,nm0330971,Esther Gorintin,actress
2030,nm0331663,Eléonore Bernheim,actress
2031,nm0331868,Igor Gotesman,actor
2033,nm0332267,Guillaume Gouix,actor
2037,nm0332647,Romain Goupil,actor
2038,nm0332709,Olivier Gourmet,actor
2049,nm0335801,Sarah Grappin,actress
2051,nm0335861,Vincent Grass,actor
2052,nm0339621,Pascal Greggory,actor
2055,nm0342393,Anouk Grinberg,actress
2057,nm0343082,Marc-André Grondin,actor
2060,nm0344894,Sofie Gråbøl,actress
2061,nm0344922,Annie Grégorio,actress
2064,nm0344932,Laurent Grévill,actor
2065,nm0346363,Samir Guesmi,actor
2073,nm0346994,Marie Guillard,actress
2074,nm0347069,Sophie Guillemin,actress
2077,nm0347482,Lara Guirao,actress
2078,nm0347492,Alain Guiraudie,actor
2079,nm0348888,Aleksey Guskov,actor
2080,nm0349071,Hervé Pierre-Gustave,actor
2081,nm0349134,Didier Gustin,actor
2082,nm0349869,Henri Guybet,actor
2083,nm0350079,Luis Guzmán,actor
2084,nm0350746,Isabelle Gélinas,actress
2087,nm0357646,Youssef Hamid,actor
2088,nm0359041,Rebecca Hampton,actress
2089,nm0359652,Marina Hands,actress
2093,nm0362716,Micheline Hardy,actress
2094,nm0362854,Philippe Harel,actor
2095,nm0365725,Lucy Harrison,actress
2096,nm0367157,Rona Hartner,actress
2097,nm0369202,Sabine Haudepin,actress
2099,nm0371891,Serge Hazanavicius,actor
2103,nm0373092,Christian Hecq,actor
2104,nm0373967,Ingrid Heiderscheidt,actress
2105,nm0374949,Johan Heldenbergh,actor
2107,nm0376655,Daniel Hendler,actor
2108,nm0377493,Stéphane Henon,actor
2109,nm0377882,Judith Henry,actress
2111,nm0378472,Fabrice Herbaut,actor
2112,nm0379587,Gérard Hernandez,actor
2113,nm0381242,Dan Herzberg,actor
2114,nm0381418,Annelise Hesme,actress
2117,nm0383153,Catherine Hiegel,actress
2119,nm0384503,Matt Hill,actor
2120,nm0386414,Ryôko Hirosue,actress
2121,nm0393124,Med Hondo,actor
2122,nm0396063,Catherine Hosmalin,actress
2125,nm0396391,Michel Houellebecq,actor
2128,nm0396598,Alice Houri,actress
2129,nm0399576,Philippe Uchan,actor
2132,nm0405729,Olivier Hémon,actor
2133,nm0409646,Otar Iosseliani,actor
2134,nm0411591,Evelyne Istria,actress
2135,nm0411980,Mark Ivanir,actor
2136,nm0414185,Catherine Jacob,actress
2144,nm0415191,Yves Jacques,actor
2145,nm0416091,Arnaud Jalbert,actor
2146,nm0416126,Tewfik Jallab,actor
2149,nm0418450,Agnès Jaoui,actress
2162,nm0418470,Camille Japy,actress
2164,nm0419894,Lucien Jean-Baptiste,actor
2177,nm0423208,Arsène Jiroyan,actor
2178,nm0427351,Michel Jonasz,actor
2179,nm0430629,Karole Rocher,actress
2183,nm0431161,Jean-Paul Jourdàa,actor
2184,nm0431221,Samuel Jouy,actor
2185,nm0431332,Arly Jover,actress
2187,nm0431956,Eric Judor,actor
2198,nm0432039,Arthur Jugnot,actor
2199,nm0432040,Gérard Jugnot,actor
2216,nm0432510,André Jung,actor
2217,nm0432568,Mathias Jung,actor
2218,nm0434191,Nadia Kaci,actress
2219,nm0434806,Cédric Kahn,actor
2222,nm0438585,Valérie Kaprisky,actress
2223,nm0440149,Valérie Karsenti,actress
2226,nm0440913,Mathieu Kassovitz,actor
2229,nm0444248,Salim Kechiouche,actor
2230,nm0445060,Leonor Keil,actress
2231,nm0445463,Atmen Kelif,actor
2232,nm0445715,Marthe Keller,actress
2235,nm0451376,Arsinée Khanjian,actress
2236,nm0451875,Nozha Khouadra,actress
2238,nm0452161,Sandrine Kiberlain,actress
2265,nm0452723,Husky Kihal,actor
2267,nm0452831,Elsa Kikoïne,actress
2268,nm0461746,Sidse Babett Knudsen,actress
2269,nm0464505,Diouc Koma,actor
2270,nm0468003,Hubert Koundé,actor
2271,nm0468085,Natacha Koutchoumov,actress
2272,nm0477312,Gurgon Kyap,actor
2273,nm0478817,Franck de la Personne,actor
2274,nm0479628,Dominique Labourier,actress
2275,nm0479745,Marc Labrèche,actor
2276,nm0480027,Catherine Lachens,actress
2278,nm0480336,Thibault Lacroix,actor
2279,nm0480524,Chantal Ladesou,actress
2283,nm0480831,Axelle Laffont,actress
2286,nm0480850,Laurent Lafitte,actor
2302,nm0480942,Bernadette Lafont,actress
2309,nm0481143,Stéphanie Lagarde,actress
2310,nm0483088,Chloé Lambert,actress
2311,nm0483200,Jonathan Lambert,actor
2317,nm0483400,Juliette Lamboley,actress
2318,nm0483508,Lise Lamétrie,actress
2319,nm0484005,Alexandra Lamy,actress
2334,nm0486188,Rémi Lange,actor
2335,nm0487022,Victor Lanoux,actor
2336,nm0487254,Gérard Lanvin,actor
2351,nm0487764,Patrick Lapp,actor
2352,nm0487884,Alexandra Maria Lara,actress
2353,nm0488053,Ursina Lardi,actress
2354,nm0488228,Serge Larivière,actor
2355,nm0488477,Michèle Laroque,actress
2374,nm0488645,Estelle Larrivaz,actress
2375,nm0489760,Régis Laspalès,actor
2377,nm0489837,Louise Lasser,actress
2378,nm0490702,Chantal Lauby,actress
2393,nm0490734,Philippe Laudenbach,actor
2394,nm0490989,Pierre Laur,actor
2395,nm0491028,Odette Laure,actress
2396,nm0491202,Antoine Laurent,actor
2397,nm0491259,Mélanie Laurent,actress
2402,nm0491426,Lucie Laurier,actress
2404,nm0491763,Dominique Lavanant,actress
2408,nm0492100,Lily Lavina,actress
2409,nm0492200,Marc Lavoine,actor
2418,nm0494017,Jean-Pierre Lazzerini,actor
2420,nm0494066,Isild Le Besco,actress
2422,nm0494069,Maïwenn,actress
2427,nm0494078,Samuel Le Bihan,actor
2428,nm0494103,Yvan Le Bolloc'h,actor
2430,nm0494161,Renée Le Calm,actress
2431,nm0494204,Bernard Le Coq,actor
2437,nm0494504,Anne Le Ny,actress
2441,nm0495166,Amanda Lear,actress
2442,nm0495470,Joséphine Lebas-Joly,actress
2443,nm0495609,Abraham Leber,actor
2444,nm0495806,Guillaume Lebon,actor
2445,nm0495920,Julie LeBreton,actress
2446,nm0495947,Danièle Lebrun,actress
2448,nm0495950,Françoise Lebrun,actress
2451,nm0496241,Guy Lecluyse,actor
2452,nm0496285,Cyril Lecomte,actor
2454,nm0496381,Vincent Lecuyer,actor
2455,nm0498527,Michel Leeb,actor
2456,nm0499218,Claude Legault,actor
2457,nm0500976,Gilles Lellouche,actor
2472,nm0500977,Philippe Lellouche,actor
2474,nm0501256,Valérie Lemercier,actress
2484,nm0501454,Christophe Lemoine,actor
2485,nm0503677,Michel Lerousseau,actor
2487,nm0503689,Darius,actor
2488,nm0503919,Micha Lescot,actor
2490,nm0504267,Jalil Lespert,actor
2492,nm0505159,François Levantal,actor
2494,nm0505764,Anna Thomson,actress
2495,nm0508293,Thierry Lhermitte,actor
2519,nm0508357,Blanca Li,actress
2520,nm0508417,Heling Li,actress
2521,nm0509264,Anders Danielsen Lie,actor
2522,nm0509876,Patrick Ligardes,actor
2523,nm0511943,Natacha Lindinger,actress
2526,nm0512071,Vincent Lindon,actor
2532,nm0513299,Lio,actress
2533,nm0516652,Bruno Lochet,actor
2542,nm0517975,Florence Loiret Caille,actress
2545,nm0518154,Iliana Lolic,actress
2547,nm0518653,Guilaine Londez,actress
2550,nm0519735,Anne-Marie Loop,actress
2551,nm0519839,Tanya Lopert,actress
2552,nm0519933,Nuno Lopes,actor
2555,nm0520870,Alexis Loret,actor
2557,nm0521924,Pierre Louis-Calixte,actor
2559,nm0522151,Olivier Loustau,actor
2560,nm0524217,Laurent Lucas,actor
2566,nm0524528,Fabrice Luchini,actor
2584,nm0526729,Elsa Lunghini,actress
2585,nm0527852,Noémie Lvovsky,actress
2600,nm0527877,Karine Lyachenko,actress
2601,nm0529591,Pascal Légitimus,actor
2608,nm0529619,Vladimir Léon,actor
2609,nm0529635,Sylvie Léonard,actress
2610,nm0529647,Françoise Lépine,actress
2611,nm0529813,Pilar López de Ayala,actress
2612,nm0530031,Bruno López,actor
2613,nm0530365,Sergi López,actor
2623,nm0530581,Elina Löwensohn,actress
2624,nm0530754,Walo Lüönd,actor
2625,nm0531195,Vincent Macaigne,actor
2646,nm0535459,Valérie Maës,actress
2647,nm0536095,Benoît Magimel,actor
2652,nm0536162,Philippe Magnan,actor
2653,nm0536484,Judith Magre,actress
2655,nm0537865,Valérie Mairesse,actress
2656,nm0539022,Christophe Malavoy,actor
2657,nm0539376,Joseph Malerba,actor
2658,nm0539787,Cylia Malki,actress
2659,nm0540354,Jean-Pierre Malo,actor
2660,nm0541796,Tassadit Mandi,actress
2662,nm0543547,Predrag 'Miki' Manojlovic,actor
2665,nm0545356,Olivier Marchal,actor
2669,nm0545383,Guy Marchand,actor
2671,nm0545838,André Marcon,actor
2674,nm0545884,Neri Marcorè,actor
2675,nm0546797,Mark Margolis,actor
2676,nm0547339,Jean-Pierre Marielle,actor
2683,nm0547440,Christian Marin,actor
2684,nm0547614,Medeea Marinescu,actress
2686,nm0548156,Anne Marivin,actress
2696,nm0548169,Nicolas Marié,actor
2703,nm0549566,Kelly Marot,actress
2704,nm0550341,Laure Marsac,actress
2705,nm0553237,Pierre-François Martin-Laval,actor
2716,nm0553914,Lisa Martino,actress
2717,nm0554460,Philippe Martz,actor
2719,nm0556387,Armand Verdure,actress
2722,nm0557859,Chiara Mastroianni,actress
2729,nm0558976,Jacques Mathou,actor
2730,nm0559008,Mimie Mathy,actress
2731,nm0560962,Carmen Maura,actress
2740,nm0560971,Maurane,actress
2741,nm0561356,Inge Maux,actress
2742,nm0563254,Arthur Mazet,actor
2744,nm0563740,Aïssa Maïga,actress
2751,nm0577288,Smaïl Mekki,actor
2752,nm0577616,Patrice Melennec,actor
2753,nm0577841,Gilbert Melki,actor
2763,nm0579500,Bernard Menez,actor
2766,nm0580101,Kad Merad,actor
2799,nm0580698,Isabelle Mergault,actress
2800,nm0580720,Stanislas Merhar,actor
2801,nm0581660,Luck Mervil,actor
2802,nm0581953,Roxane Mesquida,actress
2804,nm0582889,Nina Meurisse,actress
2805,nm0583681,Gérard Meylan,actor
2807,nm0583856,Giovanna Mezzogiorno,actress
2808,nm0587791,Patrick Mille,actor
2813,nm0589569,Christiane Millet,actress
2814,nm0591877,Miou-Miou,actress
2824,nm0592257,Arlette Mirapeu,actress
2825,nm0592443,Roger Miremont,actor
2826,nm0593306,Eddy Mitchell,actor
2835,nm0594856,Mathias Mlekuz,actor
2838,nm0594885,Geneviève Mnich,actress
2839,nm0594956,Félix Moati,actor
2847,nm0597967,Geordy Couturiau,actor
2848,nm0598609,Chloé Mons,actress
2849,nm0598857,Thibault de Montalembert,actor
2852,nm0599171,Johnny Monteilhet,actor
2853,nm0599698,Muriel Montossé,actress
2854,nm0600180,Edouard Montoute,actor
2856,nm0602801,Myriam Moraly,actress
2857,nm0603090,Laura Morante,actress
2859,nm0603446,Yolande Moreau,actress
2870,nm0603586,François Morel,actor
2883,nm0604331,Michèle Moretti,actress
2886,nm0605429,Philippe Morier-Genoud,actor
2887,nm0605971,Pierre-Olivier Mornas,actor
2888,nm0608295,Vincent Moscato,actor
2890,nm0609629,Catherine Mouchet,actress
2891,nm0609662,Anna Mouglalis,actress
2895,nm0609741,Luc Moullet,actor
2896,nm0609824,Sophie Mounicot,actress
2898,nm0609981,Emmanuel Mouret,actor
2902,nm0610710,Rabih Mroue,actor
2903,nm0612127,Florence Muller,actress
2905,nm0612204,Michel Muller,actor
2910,nm0612219,Paul Muller,actor
2911,nm0617567,Patrick Médioni,actor
2912,nm0618456,Fatou N'Diaye,actress
2913,nm0618502,Pascal N'Zonzi,actor
2915,nm0618651,Samy Naceri,actor
2919,nm0618715,Jalil Naciri,actor
2920,nm0618795,Claire Nadeau,actress
2925,nm0619600,Philippe Nahon,actor
2928,nm0620964,Isabelle Nanty,actress
2945,nm0622769,Élodie Navarre,actress
2949,nm0623373,Dmitriy Nazarov,actor
2950,nm0623854,Mehdi Nebbou,actor
2953,nm0627245,Thierry Neuvic,actor
2958,nm0627262,Chantal Neuwirth,actress
2961,nm0628866,Marie-Philomène Nga,actress
2962,nm0630562,Valérie Niddam,actress
2963,nm0630642,Frédéric Niedermayer,actor
2964,nm0634159,Philippe Noiret,actor
2967,nm0634500,Jacques Nolot,actor
2968,nm0635330,Eduardo Noriega,actor
2969,nm0638824,Michael Nyqvist,actor
2970,nm0639098,Caroline Néron,actress
2971,nm0644023,Christophe Odent,actor
2973,nm0644680,Bulle Ogier,actress
2974,nm0653669,Kati Outinen,actress
2975,nm0656768,Géraldine Pailhas,actress
2987,nm0658041,Rossy de Palma,actress
2991,nm0658049,Pierre Palmade,actor
2993,nm0658875,Luc Palun,actor
2994,nm0660854,Vanessa Paradis,actress
3002,nm0663139,Julie-Marie Parmentier,actress
3003,nm0665213,Patachou,actress
3004,nm0665235,Elsa Pataky,actress
3005,nm0666806,Don Michael Paul,actor
3006,nm0670916,Pierre Pellet,actor
3007,nm0671844,Artus de Penguern,actor
3012,nm0673094,Christian Pereira,actor
3013,nm0673580,Morgan Perez,actor
3015,nm0673824,Sergio Peris-Mencheta,actor
3016,nm0674340,Florence Pernel,actress
3017,nm0674702,Olivier Perrier,actor
3018,nm0674816,Claude Perron,actress
3023,nm0675521,Raphaël Personnaz,actor
3028,nm0681566,Michel Piccoli,actor
3029,nm0682692,Frédéric Pierrot,actor
3032,nm0684001,Patrick Pineau,actor
3033,nm0684177,Magali Pinglaut,actress
3034,nm0684500,Dominique Pinon,actor
3037,nm0685193,Ariane Pirié,actress
3038,nm0685494,Marie-France Pisier,actress
3039,nm0685705,Thomas Pitiot,actor
3040,nm0686245,Antonietta Pizzorno,actress
3041,nm0686401,Robert Plagnol,actor
3042,nm0687913,Bruno Podalydès,actor
3045,nm0687914,Denis Podalydès,actor
3070,nm0688143,Benoît Poelvoorde,actor
3102,nm0688455,Lilly-Fleur Pointeaux,actress
3103,nm0688648,Laurent Poitrenaux,actor
3106,nm0691201,Popeck,actor
3107,nm0691819,Jean-Luc Porraz,actor
3108,nm0691925,Louise Portal,actress
3109,nm0693799,Melvil Poupaud,actor
3114,nm0693844,Eléonore Pourriat,actress
3116,nm0696163,Micheline Presle,actress
3118,nm0696353,Jo Prestia,actor
3119,nm0698151,Gilles Privat,actor
3120,nm0699524,Patrick Préjean,actor
3121,nm0699545,Daniel Prévost,actor
3128,nm0701327,Bruno Putzulu,actor
3132,nm0701802,Jean-Baptiste Pénigault,actor
3133,nm0702676,Nazmi Kirik,actor
3134,nm0704474,Jocelyn Quivrin,actor
3138,nm0705005,Olivier Rabourdin,actor
3141,nm0706218,Bruno Raffaelli,actor
3142,nm0706776,Farida Rahouadj,actress
3144,nm0707466,Pierre-Loup Rajot,actor
3145,nm0710179,Massimo Ranieri,actor
3146,nm0712208,Julie-Anne Roth,actress
3148,nm0714229,Cécile Rebboah,actress
3149,nm0714235,Philippe Rebbot,actor
3164,nm0714534,Aurélien Recoing,actor
3165,nm0716699,Yves Rénier,actor
3166,nm0717581,Cécile Reigher,actress
3167,nm0717709,Kelly Reilly,actress
3168,nm0719220,Francis Renaud,actor
3169,nm0719224,Isabelle Renauld,actress
3170,nm0719232,Line Renaud,actress
3173,nm0719914,Robin Renucci,actor
3174,nm0720776,Coralie Revel,actress
3177,nm0721469,Dominique Reymond,actress
3180,nm0722657,Serge Riaboukine,actor
3187,nm0722994,Jeffrey Ribier,actor
3188,nm0723623,Claude Rich,actor
3190,nm0723796,Firmine Richard,actress
3194,nm0723865,Nathalie Richard,actress
3198,nm0725794,Stéphane Rideau,actor
3199,nm0726034,Patrick Ridremont,actor
3201,nm0728938,Emmanuelle Riva,actress
3203,nm0729686,Julien Rivière,actor
3204,nm0731477,Pascale Roberts,actress
3205,nm0731850,Georgianna Robertson,actress
3206,nm0732220,Michel Robin,actor
3207,nm0732222,Muriel Robin,actress
3212,nm0734000,Jean Rochefort,actor
3217,nm0734004,Pierre Rochefort,actor
3220,nm0735553,Marina Tomé,actress
3221,nm0738391,François Rollin,actor
3222,nm0739787,Bruno Romy,actor
3224,nm0740090,Fabrizio Rongione,actor
3226,nm0740612,Axelle Ropert,actress
3227,nm0740825,Jeanne Rosa,actress
3228,nm0744107,Kim Rossi Stuart,actor
3229,nm0745500,Mohamed Rouabhi,actor
3230,nm0745552,Alexis Roucout,actor
3231,nm0745694,Jean-Marc Roulot,actor
3232,nm0746085,Jean-Paul Roussillon,actor
3234,nm0746162,Jean-Paul Rouve,actor
3263,nm0747690,Brigitte Roüan,actress
3269,nm0749222,Eric Ruf,actor
3270,nm0749363,Rufus,actor
3273,nm0751606,Daniel Russo,actor
3275,nm0752137,Renaud Rutten,actor
3276,nm0753696,Natacha Régnier,actress
3277,nm0753737,Jérémie Renier,actor
3281,nm0756203,Ludivine Sagnier,actress
3289,nm0757419,Olivier Saladin,actor
3290,nm0758005,Lyès Salem,actor
3293,nm0758406,Emmanuel Salinger,actor
3294,nm0758912,Bruno Salomone,actor
3306,nm0760850,Bruno Sanches,actor
3308,nm0762650,Oumou Sangaré,actress
3309,nm0763022,Maya Sansa,actress
3310,nm0763216,Claudio Santamaria,actor
3311,nm0763841,Marie-France Santon,actress
3312,nm0764759,David Saracino,actor
3314,nm0766837,Jennifer Saunders,actress
3315,nm0767032,Frédéric Saurel,actor
3316,nm0767061,Guillaume Saurrel,actor
3317,nm0767710,Eric Savin,actor
3318,nm0768603,Aymen Saïdi,actor
3319,nm0770241,Olivier Schatzky,actor
3320,nm0776424,Barbara Schulz,actress
3323,nm0782134,Ariane Séguillon,actress
3324,nm0782565,Mathilde Seigner,actress
3345,nm0783879,Elie Semoun,actor
3352,nm0785647,Saïd Serrari,actor
3353,nm0785664,Michel Serrault,actor
3359,nm0786904,Sabrina Seyvecou,actress
3362,nm0796258,Jean-Chrétien Sibertin-Blanc,actor
3363,nm0796316,Clément Sibony,actor
3367,nm0797415,Jacky Sigaux,actor
3368,nm0797631,Caroline Silhol,actress
3369,nm0800070,Arnaud Simon,actor
3370,nm0801400,Noël Simsolo,actor
3371,nm0802488,Christian Sinniger,actor
3372,nm0803262,Jules Sitruk,actor
3375,nm0803263,Olivier Sitruk,actor
3379,nm0803558,Emma Wiklund,actress
3381,nm0805229,Bruno Slagmulder,actor
3382,nm0806726,Smaïn,actor
3383,nm0812223,Hervé Sogne,actor
3384,nm0812556,Laura del Sol,actress
3385,nm0813219,Bruno Solo,actor
3390,nm0814718,Agnès Soral,actress
3394,nm0814799,Jean Sorel,actor
3395,nm0815668,Zinedine Soualem,actor
3402,nm0815677,Jérôme Soubeyrand,actor
3403,nm0816534,Isabelle Spade,actress
3404,nm0818617,Laurent Spielvogel,actor
3405,nm0823536,JoeyStarr,actor
3410,nm0830802,Laurent Stocker,actor
3415,nm0836681,Jean-François Stévenin,actor
3418,nm0836682,Robinson Stévenin,actor
3419,nm0836684,Salomé Stévenin,actress
3420,nm0839282,Philippe Suner,actor
3421,nm0839623,Hélène Surgère,actress
3423,nm0840486,Tarô Suwa,actor
3424,nm0846196,Benoît Tachoires,actor
3425,nm0846484,Claudia Tagbo,actress
3428,nm0846548,Saïd Taghmaoui,actor
3430,nm0846705,Afida Tahri,actress
3431,nm0851582,Audrey Tautou,actress
3441,nm0855787,Jacky Terrasson,actor
3442,nm0856187,Laurent Terzieff,actor
3444,nm0856493,Fred Testot,actor
3457,nm0856500,Sylvie Testud,actress
3474,nm0857731,Thiam Aïssatou,actress
3475,nm0857746,Patrice Thibaud,actor
3476,nm0858048,Mélanie Thierry,actress
3481,nm0858061,Sébastien Thiery,actor
3482,nm0859740,Florence Thomassin,actress
3485,nm0859985,Christopher Thompson,actor
3486,nm0861558,Kirk Thornton,actor
3487,nm0861862,Cyrille Thouvenin,actor
3488,nm0862854,Elise Tielrooy,actress
3489,nm0863599,Filippo Timi,actor
3490,nm0863816,Patrick Timsit,actor
3503,nm0864487,Titoff,actor
3506,nm0865333,Bruno Todeschini,actor
3508,nm0866496,Alexis Tomassian,actor
3510,nm0868881,Philippe Torreton,actor
3511,nm0869850,Elisa Tovati,actress
3512,nm0872910,Jasmine Trinca,actress
3513,nm0873005,Marie Trintignant,actress
3516,nm0873418,Cyril Troley,actor
3517,nm0874834,Gilles Tschudi,actor
3519,nm0875307,Kaori Tsuji,actress
3520,nm0876300,Ulrich Tukur,actor
3521,nm0876942,Charlotte de Turckheim,actress
3526,nm0876998,Michel Tureau,actor
3527,nm0878070,Michel Turquin,actor
3528,nm0883007,Christian Vadim,actor
3529,nm0883462,Dominique Valadié,actress
3530,nm0884660,Fanny Valette,actress
3534,nm0887295,Matthias Van Khache,actor
3535,nm0887426,Francis Van Litsenborgh,actor
3536,nm0888418,Marina de Van,actress
3537,nm0890233,Sylvie Vartan,actress
3538,nm0890982,Nicolas Vaude,actor
3541,nm0891895,Paz Vega,actress
3542,nm0892891,Venantino Venantini,actor
3543,nm0893638,Natalia Verbeke,actress
3544,nm0893830,Guillaume Verdier,actor
3546,nm0894142,Benoît Verhaert,actor
3547,nm0894302,Bernard Verley,actor
3549,nm0894830,Jean-Nicolas Verreault,actor
3550,nm0895633,Marie Vialle,actress
3551,nm0895752,Arnaud Viard,actor
3553,nm0895759,Karin Viard,actress
3585,nm0896612,Emmanuel Vieilly,actor
3586,nm0896726,Eric Viellard,actor
3587,nm0898317,Jacques Villeret,actor
3591,nm0898653,Hélène Vincent,actress
3603,nm0898704,Marie Vincent,actress
3604,nm0898798,François Vincentelli,actor
3606,nm0899495,Guillaume Viry,actor
3607,nm0899930,Élisabeth Vitali,actress
3608,nm0901057,Rüdiger Vogler,actor
3610,nm0901240,François Voisin,actor
3611,nm0901804,Véronique Volta,actress
3612,nm0903845,Gaëtan Vourc'h,actor
3613,nm0904273,Michel Vuillermoz,actor
3617,nm0904996,Charlotte Véry,actress
3618,nm0910180,Ashley Walters,actor
3619,nm0911206,Ashley Wanninger,actor
3620,nm0914455,Leonor Watling,actress
3621,nm0916616,Jacques Weber,actor
3628,nm0929582,Wim Willaert,actor
3632,nm0932870,André Wilms,actor
3636,nm0933727,Lambert Wilson,actor
3653,nm0935300,Jean-Marie Winling,actor
3654,nm0935807,Ophélie Winter,actress
3655,nm0943487,Martin Wuttke,actor
3656,nm0945189,Simon Yam,actor
3657,nm0946179,Jean Yanne,actor
3658,nm0946928,Aylin Yay,actress
3659,nm0948636,Wladimir Yordanoff,actor
3664,nm0949210,Michaël Youn,actor
3677,nm0951456,Zabou Breitman,actress
3687,nm0951520,Jonathan Zaccaï,actor
3698,nm0951976,Abbes Zahmani,actor
3700,nm0954238,Mourade Zeguendi,actor
3701,nm0954704,Roschdy Zem,actor
3713,nm0956026,Malik Zidi,actor
3717,nm0957396,Zirek,actor
3718,nm0959113,Elsa Zylberstein,actress
3733,nm0959897,Jean-Philippe Écoffey,actor
3735,nm0960104,Tim Seyfi,actor
3736,nm0962593,Corinne Puget,actress
3738,nm0968797,Sophie Cattani,actress
3741,nm0972531,Louise Monot,actress
3742,nm0973796,Anna Sigalevitch,actress
3743,nm0991467,Yves Arnault,actor
3744,nm0991511,Max Boublil,actor
3752,nm0993133,Elise Larnicol,actress
3753,nm0993242,Clémence Poésy,actress
3755,nm0993405,Isabelle de Hertogh,actress
3756,nm0996471,Samuel Benchetrit,actor
3757,nm0998117,Alice Taglioni,actress
3768,nm1002606,Philippe Bozo,actor
3770,nm1002627,Nicolas Cazalé,actor
3771,nm10047959,Aïsha Ben Miled,actress
3772,nm10058040,Arriles Amrani,actor
3773,nm10058042,Ichem Bougheraba,actor
3774,nm1007742,Robert Ndrenika,actor
3775,nm10078453,Maëva El Aroussi,actress
3776,nm10082693,Vidal Arzoni,actor
3777,nm10083182,Oumy Bruni Garrel,actress
3778,nm10087171,Mizanur Rahaman,actor
3779,nm10096895,Giovanni Pucci,actor
3780,nm10166923,Diem Nguyen,actress
3781,nm1021224,Rachida Brakni,actress
3786,nm10221049,Léopold Moati,actor
3787,nm1022263,Karen Strassman,actress
3788,nm1024183,Stéphane De Groodt,actor
3799,nm1024314,Marie-Sophie Ferdane,actress
3800,nm1025359,Grégoire Tachnakian,actor
3801,nm1026008,Charlie Dupont,actor
3802,nm10291780,Lionel Louis Basse,actor
3803,nm1029367,Julia Faure,actress
3805,nm10299911,Romeo Creton,actor
3806,nm10334017,Lucas Mortier,actor
3807,nm10337268,Rose de Kervenoaël,actress
3808,nm10352735,Jean Nanga,actor
3809,nm1035622,Ibrahim Koma,actor
3810,nm1037451,Dustin Guy Defa,actor
3811,nm10387711,Patricia Mouchon,actress
3812,nm10387712,Khoukha Boukherbache,actress
3813,nm10387713,Bérangère Toural,actress
3814,nm10387714,Patricia Guery,actress
3815,nm10401378,Loup Pinard,actor
3816,nm10413970,Mina Farid,actress
3817,nm10422621,Nicolas Belvalette,actor
3818,nm1043011,Christophe Paou,actor
3819,nm1044641,Michaël Abiteboul,actor
3823,nm1044951,Barbara Cabrita,actress
3825,nm10450153,Salomé Boulven,actress
3826,nm1045151,Valérie Decobert-Koretzky,actress
3827,nm1045233,Vincent Dubois,actor
3829,nm1045338,Jean-Christian Fraiscinet,actor
3831,nm10471552,Lorette Nyssen,actress
3832,nm1050998,Alexandre Brik,actor
3833,nm1051119,Éric Naggar,actor
3834,nm1051346,Rie Rasmussen,actress
3835,nm10529368,Rita Merle,actress
3836,nm1055024,Coralie Amedeo,actress
3837,nm1055097,Régine Benedetti,actress
3838,nm10558311,Diane Bellam,actress
3839,nm10564935,Solam Dejean-Lacréole,actor
3840,nm1056846,Philippe Cura,actor
3842,nm10587320,Tom Lévy,actor
3844,nm1060347,Jean-Christophe Dollé,actor
3845,nm10607439,Emilie Yili Kang,actress
3846,nm10611942,Jules Milo Levy Mackerras,actor
3847,nm10611965,Céleste Brunnquell,actress
3849,nm1061930,Yannick Assandry,actor
3850,nm1062121,Yannick Cuccu,actor
3851,nm1062188,Yves Dinse,actor
3852,nm1063011,Jean Ségani,actor
3853,nm1065025,Gérard Daguerre,actor
3854,nm1065166,Arié Elmaleh,actor
3860,nm1066079,Céline Montsarrat,actress
3861,nm1067369,Didier Toupy,actor
3862,nm1067631,Sarah Pratt,actress
3863,nm10682026,Édouard Sulpice,actor
3864,nm1070112,Sophie Quinton,actress
3867,nm1070565,Virginie Visconti,actress
3868,nm1071149,Grégoire Bonnet,actor
3869,nm10711801,Bryan Mialoundama,actor
3870,nm10712459,Jean-Paul Delvor,actor
3871,nm10743148,Laure Duchene,actress
3872,nm10758456,Ludovic Torrent,actor
3873,nm1078583,Gilles Guillain,actor
3875,nm1078628,Frédérique Bel,actress
3886,nm10799899,Adriano Dafy,actor
3887,nm1080320,Linda Hardy,actress
3889,nm10814061,Eléna Bultot,actress
3890,nm1081573,Philippe Katerine,actor
3902,nm1081826,Audrey Marnay,actress
3903,nm1082477,Omar Sy,actor
3917,nm1082843,Nicolas Bridet,actor
3918,nm1086483,Salli Saffioti,actress
3919,nm1086956,Gustave Kervern,actor
3928,nm10889557,Léonie Dahan-Lamort,actress
3929,nm10911292,Clémentine Grenier,actress
3930,nm10946883,Jérôme-Ramses Garcia de La Torre,actor
3931,nm10948328,Liam Pierron,actor
3932,nm1094877,Guri Alfi,actor
3933,nm1095209,Leïla Belarbi,actress
3934,nm1095243,Hubert Benhamdine,actor
3935,nm1097515,Jimmy Jean-Louis,actor
3936,nm10975513,Mark Austin,actor
3937,nm10983654,Moufida Amairi,actress
3938,nm1099640,Yannick Renier,actor
3939,nm1100049,Meriem Serbah,actress
3940,nm1101898,Maxime Lefrançois,actor
3942,nm1102408,Delia Amrani,actress
3943,nm11034565,Asma Messaoudene,actress
3944,nm11034567,Eric Nantchouang,actor
3945,nm11035821,Anaïde Rozam,actress
3947,nm1105708,Noémie Lenoir,actress
3948,nm1105785,Olivia Magnani,actress
3949,nm1106618,Isabelle Vitari,actress
3950,nm1107859,Pierre Lefebvre,actor
3951,nm1109153,Audrey Fleurot,actress
3962,nm1109715,Radslav Kinski,actor
3963,nm1109771,Anne Kravz-Tarnavsky,actress
3964,nm11097851,Maria Apostolakea,actress
3965,nm1110307,Rokhaya Niang,actress
3966,nm1110629,Luisa Ranieri,actress
3968,nm11118562,Azedine Ben,actor
3969,nm11134952,Marie Papillon,actress
3970,nm1114325,Damien Jouillerot,actor
3974,nm1119022,Alexis Michalik,actor
3976,nm1121600,Olivia Ruiz,actress
3977,nm1122940,Benjamin Morgaine,actor
3978,nm1124011,Jenifer Bartoli,actress
3979,nm1125677,Anne Depétrini,actress
3980,nm11290900,Sarah Gaye,actress
3981,nm1130898,Joseph Dahan,actor
3982,nm1133795,Kev Adams,actor
3996,nm1135056,Doria Achour,actress
3997,nm1137610,Stéphanie Papanian,actress
3998,nm11402873,Adèle Lebon,actor
3999,nm11436471,Lucie Zhang,actress
4000,nm11447589,Jacqueline Kakou,actress
4001,nm11447590,Ayala Cousteau,actress
4002,nm1146869,Yann Sundberg,actor
4003,nm1149829,Khalid Maadour,actor
4005,nm1151200,Dimitri Storoge,actor
4006,nm1152652,Damien Gillard,actor
4007,nm1154749,Sofia Boutella,actress
4008,nm1154862,Benjamin Chaouat,actor
4009,nm1155061,Camille Donda,actress
4010,nm11565101,Brahim Bouhlel,actor
4011,nm11565149,Samir Decazza,actor
4012,nm1159895,Héléna Noguerra,actress
4017,nm11605875,Aymé Medeville,actor
4018,nm11617021,Lucas Pastor,actor
4019,nm1162222,Philippe Lefebvre,actor
4024,nm1166528,Caterina Murino,actress
4027,nm1167277,Patrice Robitaille,actor
4028,nm1167415,Thomas Salvador,actor
4029,nm1169001,Michel Gohou,actor
4031,nm11725602,Paul Belhoste,actor
4032,nm11725603,Colombe Schmidt,actress
4033,nm1172774,Nevin Meçaj,actor
4034,nm1173337,Ermela Teli,actress
4035,nm1174089,Ludmila Ruoso,actress
4036,nm11741344,Tonton Marcel,actor
4037,nm1176490,Walid Sadek,actor
4038,nm11773402,Juliette Charrin,actress
4039,nm1177361,Abla Khoury,actress
4040,nm11778432,Guillaume Mattera,actor
4041,nm11787277,Héloïse Roth,actress
4042,nm1178903,Raphaëlle Molinier,actress
4043,nm11798770,Marion Barbeau,actress
4044,nm1181876,Denis Maréchal,actor
4045,nm1186505,Albane Urbin,actress
4046,nm1187180,Sanda Charpentier,actress
4047,nm1191660,Stéphane Bissot,actress
4048,nm1193736,Alka Balbir,actress
4051,nm1193838,Mathilde Bertrandy,actress
4052,nm1194748,Adèle Haenel,actress
4055,nm1196219,Vincent Rottiers,actor
4057,nm1197228,Thierry Gary,actor
4058,nm1197749,Céline Mauge,actress
4059,nm11991648,Alice Henri,actress
4060,nm12001491,Soan Arhimann,actor
4061,nm1202905,Clotilde Hesme,actress
4062,nm1208167,Diane Kruger,actress
4066,nm1212477,Dominic Batraville,actor
4067,nm1213573,Arsène Mosca,actor
4068,nm1223307,Leonid Alexeenko,actor
4069,nm12253055,Manon Lemoine,actress
4070,nm12254786,Claude Barreau,actor
4071,nm1225571,Jimmy Tavares,actor
4072,nm1227027,Pierre Boulanger,actor
4073,nm1228072,Grégoire Leprince-Ringuet,actor
4075,nm12286334,Léo Campion,actor
4076,nm1229839,Anne Benoît,actress
4078,nm1229951,Marie Kremer,actress
4082,nm1232098,Verlus Delorme,actor
4083,nm1232343,Marc Filipi,actor
4084,nm1232894,Erol Josué,actor
4085,nm1233269,Laëtitia Lopez,actress
4086,nm1233479,Anne-Louise Mesadieu,actress
4087,nm1234157,Stéphane Rousseau,actor
4089,nm12350353,Moncef Farfar,actor
4090,nm1237271,Claire Bouanich,actress
4092,nm1240842,Aboubacar Sadikh Ba,actor
4093,nm12418761,Fatou Kaba,actress
4094,nm1242229,Ndeye Seneba Seck,actress
4095,nm1242357,Kadiatou Sy,actress
4096,nm12424838,Lizia Boissezon,actress
4097,nm12426641,Melvin Boomer,actor
4098,nm1246047,Adriana Ugarte,actress
4099,nm12497910,Yoann Eloundou,actor
4100,nm1253936,Patrick d'Assumçao,actor
4102,nm12560062,Martin Jauvat,actor
4103,nm1256394,Alexandra Ansidei,actress
4104,nm12571544,Matei Dussarps,actor
4105,nm1258760,Boris Vigneron,actor
4106,nm1259540,Jerome Rudes,actor
4107,nm1267707,Nicolas Bedos,actor
4111,nm1271693,Osman Elkharraz,actor
4112,nm1271759,Sara Forestier,actress
4118,nm12727378,Victoire de Galliffet,actor
4119,nm1274022,Élodie Huber,actress
4120,nm12798750,Ilinka Lony,actress
4121,nm12806048,Aïssatou Diallo Sagna,actress
4122,nm12816552,Damien Frette,actor
4123,nm1281755,Gabriel Yammine,actor
4124,nm1285144,Jean-Pierre Martins,actor
4125,nm12867429,Mathys Barbedette,actor
4126,nm1290937,Juliette Arnaud,actress
4130,nm1293391,Yaniss Lespert,actor
4131,nm12938852,Juliette Havelange,actress
4132,nm1294652,Erika Sainte,actress
4134,nm1295721,Alice de Lencquesaing,actress
4138,nm1300491,Jocelyn Lagarrigue,actor
4139,nm1301770,Joana Preiss,actress
4140,nm1304635,Mehdi Dehbi,actor
4141,nm1305070,Disiz,actor
4142,nm1305361,Didda Jónsdóttir,actress
4143,nm1307409,Nicolas Gob,actor
4145,nm1308017,Laurence Oltuski,actress
4146,nm13080261,Lisa Do Couto Texeira,actress
4147,nm1309397,Benjamin Bellecour,actor
4148,nm1310034,Serge Gisquière,actor
4149,nm1310349,Bison Katayama,actor
4150,nm1312318,Madeleine Besson,actress
4151,nm1314328,Antonin Fresson,actor
4152,nm1316633,Laurent Lacotte,actor
4153,nm1317067,Anna Mihalcea,actress
4154,nm1318410,Brooke Bloom,actress
4155,nm1319650,Julie Atlas Muz,actress
4156,nm1324096,Olivier Rosemberg,actor
4157,nm1326732,Anaïs Demoustier,actress
4171,nm1327219,Adrien Jolivet,actor
4173,nm1327729,Bénabar,actor
4176,nm1328088,Némo Schiffman,actor
4177,nm1328609,Nicolas Buysse,actor
4179,nm1330168,Marisa Borini,actress
4180,nm1330244,Olivier Clastre,actor
4181,nm1331316,Soko,actress
4183,nm1341259,Tobie Nathan,actor
4184,nm1342060,Matthieu Chedid,actor
4185,nm13434452,Dana Abed,actress
4186,nm1344184,Laurent Talon,actor
4187,nm13446625,Leilli Airom,actress
4188,nm1345644,Jules-Angelo Bigarnet,actor
4189,nm1346326,Benjamin Haddad,actor
4190,nm1350207,Constance Dollé,actress
4192,nm1354491,Nader Boussandel,actor
4196,nm1356853,Monica Viegas,actress
4197,nm13568554,Sania Halifa,actress
4198,nm1357113,Christopher Caballero,actor
4199,nm1357282,Vincent Lagaf,actor
4200,nm1357722,Laura Smet,actress
4203,nm13580111,Mallory Wanecque,actress
4204,nm13582022,Gabin Tomasino,actor
4205,nm13582023,Adèle Barazzuol,actor
4206,nm13585247,Walid Ben Amar,actor
4207,nm1361304,Jacques Bastide,actor
4208,nm1361511,Mohamed Metina,actor
4209,nm13616260,Timéo Mahaut,actor
4210,nm1363886,Côme Levin,actor
4212,nm1364356,Isabelle Regnier,actress
4213,nm1366470,Chloé Berthier,actress
4214,nm1368718,Pascal Sellem,actor
4215,nm1371957,Issaka Sawadogo,actor
4216,nm13736696,Fanny Dubois,actress
4217,nm1379544,Michèle Caucheteux,actress
4218,nm1381675,Laurent Soffiati,actor
4219,nm1382680,Thomas Suire,actor
4221,nm1384151,Emilie Blon-Metzinger,actress
4222,nm1384742,Jeanne Dhivers,actress
4223,nm1392135,Thibault Verhaeghe,actor
4224,nm1392388,Elodie Yung,actress
4225,nm13998171,Adèle Pinckaers,actress
4226,nm14007916,Callie Ferreira-Goncalves,actress
4227,nm14048080,Brune Moulin,actress
4228,nm14122439,Maissa Diawara,actress
4229,nm14151645,Anna Laik,actress
4230,nm1417249,Jean-Benoît Ugeux,actor
4231,nm14194333,Eva Gregorieff,actor
4232,nm1420220,Gérard Garouste,actor
4233,nm1422619,Christophe Meynet,actor
4234,nm1423972,Priscilla Betti,actress
4235,nm1425885,Véronique Reymond,actress
4236,nm14265515,Amy Purshouse,actress
4237,nm14279572,Bryan Smeers,actor
4238,nm14283967,Ali D,actor
4239,nm14298110,Jean-Rémi Chaize,actor
4240,nm14338511,Yassir Drief,actor
4241,nm1436204,Sarah-Jeanne Labrosse,actress
4242,nm14397832,Nina Poletto,actress
4243,nm1442708,Hofesh Shechter,actor
4244,nm14433977,Rose Pou-Pellicer,actress
4245,nm1446274,Anne Serra,actress
4246,nm1449195,Mhamed Arezki,actor
4247,nm1452260,Steve Tran,actor
4249,nm1455540,Eric Fraticelli,actor
4251,nm1460782,François Damiens,actor
4275,nm14623340,Betty Pierucci Berthoud,actor
4276,nm1463127,Lola Dewaere,actress
4278,nm14638185,Cléo Viard Garcin,actress
4279,nm14639172,François Duroy,actor
4280,nm1465580,Nahuel Pérez Biscayart,actor
4282,nm1465652,Donald Reignoux,actor
4283,nm14820947,Meriem Amiar,actress
4284,nm1482237,Mylène St-Sauveur,actress
4285,nm1483557,Nathalie Corré,actress
4286,nm1483904,Benjamin Biolay,actor
4293,nm1488177,Aurélie Saada,actress
4294,nm1489269,Khaled Khouri,actor
4295,nm14894187,Haroun Attalah,actor
4296,nm1489950,Melisa Sözen,actress
4297,nm14917217,Marc Millanvoye,actor
4298,nm1492122,Nanou Benhamou,actress
4299,nm1492213,Assaad Bouab,actor
4300,nm1493817,Sabrina Ouazani,actress
4308,nm1499542,Marc Jarousseau,actor
4309,nm1500446,Thomas Scimeca,actor
4316,nm1501772,Tatiana Rojo,actress
4319,nm1515126,Pauline Le Comte,actress
4320,nm1515913,Madeleine Piguet,actress
4321,nm1516313,Antoine Schoumsky,actor
4322,nm1516803,Julien Tsongas,actor
4323,nm1518937,Lucie Zelger,actress
4324,nm1525639,Joséphine de Meaux,actress
4329,nm1526293,Romain Torres,actor
4330,nm1531116,Antoine Bertrand,actor
4333,nm1533560,Romain Berger,actor
4334,nm1533569,Thomas Blumenthal,actor
4335,nm1533863,Jean-Baptiste Maunier,actor
4336,nm1542190,Pierre Azéma,actor
4337,nm1542818,Benoît Pétré,actor
4338,nm1548080,Emeline Bayart,actress
4339,nm1551852,Pauline Serieys,actress
4340,nm1554665,William Geslin,actor
4341,nm1560551,Farida Ouchani,actress
4343,nm1564268,Stéphanie Michelini,actress
4344,nm1565853,Hubert Bouyssière,actor
4345,nm1566229,Henri Sauzeau,actor
4346,nm1566456,Florence Foresti,actress
4350,nm1568704,Simon Astier,actor
4351,nm1569770,Farid Chenaine,actor
4352,nm1569942,Jérôme Commandeur,actor
4361,nm1570563,Arthur Dupont,actor
4369,nm1571036,Frédéric Franzil,actor
4370,nm1573797,Océan,actor
4371,nm1577101,Nicolas Wanczycki,actor
4373,nm1577285,Damien Witecka,actor
4374,nm1577425,Iliana Zabeth,actress
4375,nm1578906,Steve Driesen,actor
4376,nm1579090,Serge Itkine,actor
4377,nm1581208,Zita Hanrot,actress
4379,nm1584455,Jason Anthony,actor
4380,nm1585843,Romain Lancry,actor
4382,nm1591191,Arnaud Barre,actor
4383,nm1593609,Suliane Brahim,actress
4384,nm1594248,Alexandre Astier,actor
4388,nm1594296,Nicolas Jaillet,actor
4389,nm1594589,Arthur Pillu-Périer,actor
4390,nm1595165,Catherine Salée,actress
4391,nm1597231,Anne Tilloy,actress
4392,nm1597409,Léonie Simaga,actress
4395,nm1600733,Veroushka Knoge,actress
4396,nm1601141,Julien Imbert,actor
4397,nm1601404,Isabelle Pirès,actress
4398,nm1603552,Stéphane Coulon,actor
4399,nm1603588,Félix Landron,actor
4400,nm1603671,Zoé Landron,actress
4401,nm1603688,Laetitia Spigarelli,actress
4402,nm1604999,Nicolas Giraud,actor
4404,nm1614814,Claire Dumas,actress
4405,nm1616807,Sakda Kaewbuadee,actor
4406,nm1616970,Denis Ménochet,actor
4408,nm1616985,Christophe Miossec,actor
4409,nm1619284,Benamara Azeddine,actor
4410,nm1625249,Olivier Barthélémy,actor
4413,nm1625401,Christophe Fluder,actor
4414,nm1625796,Alexandre Steiger,actor
4415,nm1627697,Vincent Belorgey,actor
4416,nm1632162,Guillaume Pixie,actor
4417,nm1662011,Morjana Alaoui,actress
4419,nm1669784,Franc Bruneau,actor
4421,nm1669827,Pierre Chatagny,actor
4422,nm1670041,Rémi Gaillard,actor
4423,nm1671102,Charlie Bruneau,actress
4424,nm1671512,Anamaria Marinca,actress
4425,nm1674820,Rui Alves,actor
4426,nm1675203,Léo Legrand,actor
4427,nm1675534,Karina Testa,actress
4429,nm1675880,Paola Perez,actress
4430,nm1675913,Juliette Roudet,actress
4431,nm1679525,Rakefet Abergel,actress
4432,nm1679834,Tella Kpomahou,actress
4433,nm1684862,David Ayala,actor
4434,nm1687396,Jurgen Delnaet,actor
4435,nm1687404,François-Xavier Demaison,actor
4452,nm1687610,Grégory Gadebois,actor
4460,nm1687861,Alban Ivanov,actor
4472,nm1688708,Marc Ruchmann,actor
4473,nm1690853,Frankie Wallach,actress
4474,nm1698929,Johan Libéreau,actor
4476,nm1701024,Nadine Labaki,actress
4477,nm1702654,Fatym Layachi,actress
4478,nm1703507,Razika Simozrag,actress
4479,nm1707812,Aurelio Cohen,actor
4480,nm1708276,Maxim Nucci,actor
4481,nm1708316,Jean-François Perrone,actor
4482,nm1708725,Adèle Csech,actress
4483,nm1708793,Marie-Ange Geronimi,actress
4484,nm1711860,Sébastien Vidal,actor
4485,nm1712515,Paul Kircher,actor
4487,nm1714777,Antoine Cholet,actor
4488,nm1715145,Alexia Barlier,actress
4489,nm1720035,Virginie Hocq,actress
4490,nm1722079,Camille,actress
4491,nm1724758,Julia Kassar,actress
4492,nm1728965,Marie-Lorna Vaconsin,actress
4493,nm1731624,Pierre Deladonchamps,actor
4500,nm1738315,Guillaume Quatravaux,actor
4501,nm1738359,Jean-Philippe Sêt,actor
4502,nm1738489,Reine Ferrato,actress
4503,nm1739904,Jean-Christophe Folly,actor
4505,nm1741784,Rafik Ben Mebarek,actor
4506,nm1742335,Hassan Ouled-Bouarif,actor
4507,nm1743161,Siraboula Sissoko,actress
4508,nm1745743,Alice Pol,actress
4524,nm1747308,Jean-Baptiste Anoumon,actor
4525,nm1750976,Samuel Mercer,actor
4526,nm1754147,Joséphine Japy,actress
4529,nm1756689,Ridan,actor
4530,nm1758863,Florent Dorin,actor
4531,nm1759096,Jean-Claude Joerger,actor
4532,nm1759681,Max Télèphe,actor
4533,nm1763487,Youssef Hajdi,actor
4539,nm1763788,Charles Pépin,actor
4540,nm1764223,Micheline Mona,actress
4541,nm1764254,Laurence Pierre,actress
4542,nm1767570,Ahcen Titi,actor
4543,nm1784515,Jacky Ido,actor
4545,nm1785192,Tatiana Eva-Marie,actress
4546,nm1785320,Sophie Letourneur,actress
4548,nm1791004,Tom Morton,actor
4549,nm1794396,Tarek Bakhari,actor
4550,nm1797915,Frédéric Scotlande,actor
4552,nm1798489,Arnaud Valois,actor
4553,nm1800614,Dirty Martini,actress
4554,nm1801031,Noëlle Perna,actress
4555,nm1808139,Kate Moran,actress
4557,nm1812637,Virginie Efira,actress
4573,nm1815283,Hacène Benzerari,actor
4574,nm1815742,Nicolas Granger,actor
4575,nm1816892,Sophia Aram,actress
4576,nm1817264,Anne Girouard,actress
4579,nm1817887,Christa Théret,actress
4583,nm1832397,Raphaël Bouvet,actor
4584,nm1839955,Alban Lenoir,actor
4586,nm1850856,Shafik Ahmad,actor
4587,nm1861637,Tom Leeb,actor
4588,nm1863193,Galatéa Bellugi,actress
4589,nm1867704,Nicolas Le Phat Tan,actor
4590,nm1868250,Michaël Grégorio,actor
4591,nm1871951,Leïla Bekhti,actress
4599,nm1873099,Jennie Anne Walker,actress
4600,nm1877162,Lannick Gautry,actor
4604,nm1878524,Rym Takoucht,actress
4605,nm1879612,Xavier Boiffier,actor
4606,nm1887838,Delphine Théodore,actress
4608,nm1891185,Camille Cottin,actress
4617,nm1891731,Philippe Beun-Garbe,actor
4618,nm1893803,Gustavo Kamenetzky,actor
4619,nm1900143,Grégoire Monsaingeon,actor
4621,nm1904769,Stéphan Wojtowicz,actor
4622,nm1909559,David Strajmayster,actor
4623,nm1918508,Eyam Ekrem,actor
4624,nm1918862,Déborah François,actress
4629,nm1920131,Belçim Bilgin,actress
4630,nm1920389,Hajar Masdouki,actress
4631,nm1921148,Ehmed Qeladizeni,actor
4632,nm1922676,Julie Ferrier,actress
4639,nm1923803,Éric Bruneau,actor
4640,nm1927432,Judith Davis,actress
4641,nm1929195,Jacynthe Jacquet,actress
4642,nm1929699,Naidra Ayadi,actress
4643,nm1931388,Bruno Clairefond,actor
4644,nm1932959,Arthur Harari,actor
4645,nm1935774,Mathis Arguillère,actor
4646,nm1936081,Clémentine Poidatz,actress
4647,nm1936722,Patrick de Valette,actor
4648,nm1956728,Thomas Vandenberghe,actor
4649,nm1958488,Ralph Amoussou,actor
4650,nm1969934,Hafid F. Benamar,actor
4651,nm1970707,Hande Kodja,actress
4653,nm1975770,Marc Arnaud,actor
4654,nm1982556,Julie De Bona,actress
4655,nm1995246,Géraldine Nakache,actress
4666,nm2008826,David Elmaleh,actor
4667,nm2010399,Margaux Chatelier,actress
4669,nm2012887,Laurent Ournac,actor
4670,nm2015800,Christophe Barbier,actor
4671,nm2015893,Olivia Côte,actress
4677,nm2016581,Pierre Benezit,actor
4678,nm2019998,Nina Melo,actress
4679,nm2021640,Jehnny Beth,actress
4681,nm2026039,Pierre Derenne,actor
4682,nm2027009,Samy Seghir,actor
4686,nm2028613,Finnegan Oldfield,actor
4689,nm2035302,Hadrien Bouvier,actor
4690,nm2037587,Frédéric Vilchez,actor
4691,nm2053530,Barbara Probst,actress
4692,nm2057837,Esteban Carvajal-Alegria,actor
4693,nm2058024,Tom Audenaert,actor
4694,nm2059081,Christine Anglio,actress
4696,nm2061734,Florian Carove,actor
4697,nm2063684,Lionel Dray,actor
4698,nm2063878,Pauline Lorillard,actress
4699,nm2070899,Arthur Igual,actor
4700,nm2072440,Nicolas Maury,actor
4704,nm2072818,Céline Sallette,actress
4707,nm2082567,Hafsia Herzi,actress
4712,nm2085326,Diane Beaulieu,actress
4713,nm2092373,Vincent Claude,actor
4715,nm2099990,Laurent Papot,actor
4716,nm2102034,Jérémy Lopez,actor
4717,nm2115403,Benoît Turjman,actor
4718,nm2124745,Sarah Stern,actress
4721,nm2127794,Ilmann Bel,actor
4722,nm2139732,Jean Peyrelade,actor
4723,nm2140485,Germaine Acogny,actress
4724,nm2147000,Amelle Chahbi,actress
4726,nm2150475,Andy Gillet,actor
4729,nm2162346,Alix Poisson,actress
4730,nm2164826,Eric Dupond-Moretti,actor
4731,nm2165214,Zacharie Chasseriaud,actor
4733,nm2169689,Théo Frilet,actor
4734,nm2169779,Vimala Pons,actress
4746,nm2173724,Émilie Caen,actress
4751,nm2176554,Manu Payet,actor
4763,nm2176563,Booder,actor
4765,nm2177405,Clara Ponsot,actress
4768,nm2181267,Serge Faliu,actor
4769,nm2188804,Audrey Lamy,actress
4781,nm2188943,Axel Philippon,actor
4783,nm2191046,Chloé Coulloud,actress
4784,nm2192012,Célia Pilastre,actress
4785,nm2196314,David Azencot,actor
4786,nm2196711,Antoine Mory,actor
4787,nm2196750,Roman Girelli,actor
4788,nm2223114,Elsa Steyaert,actress
4789,nm2225443,Jeanine Canezin,actress
4790,nm2227756,Benoît Fournier,actor
4791,nm2244205,Léa Seydoux,actress
4792,nm2245285,Fabrice Adde,actor
4793,nm2245673,Soufiane Guerrab,actor
4795,nm2246199,Antoine Gouy,actor
4799,nm2253175,Jérémy Denisty,actor
4801,nm2254779,Benoît Forgeard,actor
4802,nm2256599,Jérémie Duvall,actor
4804,nm2264294,Suzanne Ramsey,actress
4805,nm2272000,Serge Saada,actor
4806,nm2277869,Marjane Satrapi,actress
4807,nm2281004,Adélaïde Leroux,actress
4808,nm2283393,Beu,actor
4809,nm2285208,Anne Benett,actress
4810,nm2285397,Anselme,actor
4811,nm2294200,Béatrice de la Boulaye,actress
4812,nm2297037,Cécile Rémy-Boutang,actress
4813,nm2300160,Alma Jodorowsky,actress
4815,nm2306276,Sylvain Dieuaide,actor
4816,nm2306816,Anne-Lise Heimburger,actress
4817,nm2317224,Jean-Jacques Rausin,actor
4819,nm2321291,Stéphanie Crayencour,actress
4822,nm2336735,Lucie Desclozeaux,actress
4823,nm2349395,Judith Chemla,actress
4827,nm2362660,Julia Piaton,actress
4833,nm2372335,Alice Butaud,actress
4834,nm2381599,Elisa Alessandro,actress
4835,nm2400959,Anca Radici,actress
4836,nm2404506,Jeanne Ferron,actress
4837,nm2404515,Louise Blachère,actress
4838,nm2404839,Caroline Vigneaux,actress
4839,nm2406198,Rebecca Marder,actress
4841,nm2442560,Manon Azem,actress
4844,nm2454487,Raphaëlle Agogué,actress
4845,nm2458332,Lucas Franchi,actor
4846,nm2462594,Alice Vial,actress
4847,nm2468631,Ivan Cori,actor
4848,nm2472838,Kyla Kenedy,actress
4849,nm2475376,Laurent Morteau,actor
4850,nm2476624,François Civil,actor
4854,nm2482391,Nora Arnezeder,actress
4855,nm2512952,Cécile Boland,actress
4856,nm2520614,Lazare Gousseau,actor
4857,nm2524823,Lilou Fogli,actress
4858,nm2526567,Nicolas Berno,actor
4859,nm2530687,Jochen Hägele,actor
4860,nm2536691,Jonathan Capdevielle,actor
4862,nm2537631,Douglas Attal,actor
4863,nm2561940,Fabrice Eboué,actor
4868,nm2582373,Julien Crampon,actor
4870,nm2582755,Pierre Niney,actor
4876,nm2585530,Joseph Rozé,actor
4877,nm2588665,Tahar Rahim,actor
4881,nm2594090,Mélissa Theuriau,actress
4882,nm2594961,Lorenzo Ausilia-Foret,actor
4883,nm2597452,Géraldine Martineau,actress
4884,nm2605079,Victoria Bedos,actress
4885,nm2605345,Gemma Arterton,actress
4886,nm2617824,Lisa Cipriani,actress
4887,nm2621400,Aude Pépin,actress
4888,nm2650819,Adèle Exarchopoulos,actress
4892,nm2660604,Thomas Ngijol,actor
4898,nm2662182,Laure Calamy,actress
4906,nm2669103,Grégoire Ludig,actor
4915,nm2671105,Niels Schneider,actor
4920,nm2673130,Florent Peyre,actor
4922,nm2676618,Salomé Richard,actress
4923,nm2684816,Constance Rousseau,actress
4924,nm2685846,Chloé Jouannet,actress
4926,nm2692695,Julien Doré,actor
4928,nm2709235,Marie Borg,actress
4929,nm2710340,Vanessa David,actress
4930,nm2717241,Ellen Dorrit Petersen,actress
4931,nm2717663,Stéphane Roche,actor
4932,nm2720118,Stanley Weber,actor
4934,nm2754446,Eye Haidara,actress
4935,nm2755422,Valentine Catzéflis,actress
4936,nm2756373,Jimmy Woha Woha,actor
4937,nm2771436,Grégory Montel,actor
4944,nm2793591,Astrid Bergès-Frisbey,actress
4945,nm2806009,Jean-Charles Clichet,actor
4949,nm2806864,Idriss Diop,actor
4950,nm2809049,Mickey Mahut,actor
4951,nm2820135,Anaël Snoek,actress
4952,nm2822588,John Mc Lean,actor
4953,nm2840660,Mathieu Nicourt,actor
4955,nm2841936,Mati Diop,actress
4956,nm2842562,Guillaume Quashie-Vauclin,actor
4957,nm2842609,Slimane Mostefa-Châa,actor
4958,nm2842635,Rachid Adjane,actor
4959,nm2844436,Rhiles Djarouane,actor
4960,nm2847812,Pio Marmaï,actor
4979,nm2864046,Louise Bourgoin,actress
4988,nm2872942,Keith Davis,actor
4989,nm2899660,Marie Burgun,actress
4990,nm2910150,François Bureloup,actor
4991,nm2916628,Noom Diawara,actor
4992,nm2916738,Nelly Antignac,actress
4993,nm2931060,Izm,actor
4994,nm2936549,Issa Doumbia,actor
4995,nm2950099,Loïc Guingand,actor
4996,nm2951696,Djiby Badiane,actor
4997,nm2953208,Martin Swabey,actor
4998,nm2959021,Clément Koch,actor
4999,nm2964838,Frédéric Chau,actor
5000,nm2975576,Louise Orry-Diquéro,actress
5001,nm2981634,Lionel Duroi,actor
5002,nm2984738,Caroline Anglade,actress
5007,nm2987278,Ary Abittan,actor
5019,nm2997552,Jonas Bloquet,actor
5020,nm3011788,Pauline Etienne,actress
5023,nm3023008,Nailia Harzoune,actress
5025,nm3024530,Reda Kateb,actor
5029,nm3026084,Karim Ait M'Hand,actor
5030,nm3033378,Joséphine de La Baume,actress
5031,nm3034680,Alice David,actress
5038,nm3041664,David Salles,actor
5041,nm3053855,Vanessa Guide,actress
5047,nm3058653,Pierrette Katrib,actress
5048,nm3093676,Céline Ronté,actress
5050,nm3107685,Max Baissette de Malglaive,actor
5052,nm3112010,Fabien Ara,actor
5053,nm3114563,Frédérick Guillaud,actor
5054,nm3114649,Charlotte Le Bon,actress
5057,nm3118835,Benjamin Lavernhe,actor
5063,nm3121639,Pauline Lefèvre,actress
5065,nm3125947,Laurent Paolini,actor
5066,nm3143558,Arnaud Ducret,actor
5079,nm3144519,Anne Arovas,actress
5080,nm3148447,Kévin Azaïs,actor
5082,nm3153293,Gauthier Battoue,actor
5083,nm3165583,Faru,actor
5084,nm3167521,Merouane Zmirli,actor
5085,nm3169198,Sarah Reguieg,actress
5086,nm3175880,Okinawa Valérie Guerard,actor
5087,nm3181386,Serge Bagdassarian,actor
5088,nm3197772,Kacey Mottet Klein,actor
5089,nm3206352,Sarah-Jane Sauvegrain,actress
5090,nm3207271,Marc Zinga,actor
5091,nm3212167,Anne Le Nen,actress
5092,nm3214170,Jonathan Cohen,actor
5104,nm3215635,Rock Chen,actor
5105,nm3224390,Louison Blivet,actress
5106,nm3226187,Anthony Sonigo,actor
5108,nm3226240,Blanche Gardin,actress
5115,nm3226276,Alice Trémolières,actress
5116,nm3228320,Vincent Lacoste,actor
5134,nm3239681,Miss Ming,actress
5135,nm3239918,Lou Lesage,actress
5136,nm3244313,Roby Schinasi,actor
5137,nm3246203,Laurent Collombert,actor
5138,nm3259962,Jean-François Cayrey,actor
5142,nm3261208,Marion Chabassol,actress
5143,nm3261209,Jade-Rose Parker,actress
5144,nm3261379,Jérémy Kapone,actor
5145,nm3265100,D'Jal,actor
5146,nm3270435,Laetitia Dosch,actress
5154,nm3272086,Mahault Mollaret,actress
5155,nm3274096,Rabah Nait Oufella,actor
5156,nm3277348,Alix Bénézech,actress
5157,nm3308208,Louise Wallon,actress
5158,nm3315901,Emir Seghir,actor
5159,nm3315950,Thaïs Alessandrin,actress
5160,nm3317739,Stephan Hersoen,actor
5161,nm3319078,Bastien Bouillon,actor
5165,nm3326365,Carolina Amaral,actress
5166,nm3329873,Pitobash,actor
5167,nm3334264,Cédric Ben Abdallah,actor
5168,nm3367478,Alex Lutz,actor
5176,nm3370158,Slimane Dazi,actor
5177,nm3372724,Reem Kherici,actress
5180,nm3379425,Virgil Vernier,actor
5181,nm3379968,Thaïs Kirby,actress
5182,nm3380598,Yacine Belhousse,actor
5184,nm3392992,Tien Shue,actor
5185,nm3402947,Mateo Julio Cedron,actor
5186,nm3412453,Elisa Sednaoui,actress
5187,nm3417464,Claudine Pelletier,actress
5188,nm3420323,Maxime Bergeron,actor
5189,nm3420784,Michel Masiero,actor
5190,nm3425070,Julien Gester,actor
5191,nm3426050,Maud Wyler,actress
5194,nm3437014,Priscilla de Laforcade,actress
5195,nm3442959,Max Clavelly,actor
5196,nm3447958,Oussama Kheddam,actor
5197,nm3465625,Michel Nabokoff,actor
5198,nm3466426,Olivier Girard,actor
5199,nm3472372,Kevyn Diana,actor
5200,nm3479085,Julie Scheibling,actress
5201,nm3495330,Olivier Chantreau,actor
5203,nm3495920,Izïa Higelin,actress
5207,nm3497324,Jérôme Paret,actor
5208,nm3514944,Alexandre Leycuras,actor
5209,nm3521548,Mathieu Spinosi,actor
5210,nm3529097,Laura Boujenah,actress
5211,nm3530343,David Baïot,actor
5214,nm3531883,Manon Valentin,actress
5217,nm3545569,Ali Marhyar,actor
5218,nm3548282,Camille Chamoux,actress
5230,nm3548792,Leticia Belliccini,actress
5231,nm3552113,Nassim Ben Abdelmoumen,actor
5232,nm3554909,Béatrice de Staël,actress
5233,nm3558887,Ginnie Watson,actress
5234,nm3559027,Victor Carles,actor
5235,nm3569636,Charles Vaillant,actor
5236,nm3569849,Maxime Godart,actor
5237,nm3580372,Lucie Debay,actress
5238,nm3582738,Sandor Funtek,actor
5239,nm3588254,Karim Leklou,actor
5241,nm3603418,Ina Mihalache,actress
5242,nm3628562,Cédric Constantin,actor
5243,nm3650704,Lou de Laâge,actress
5247,nm3657280,Mathieu Lardier,actor
5248,nm3669497,Tiago Correia,actor
5249,nm3676680,Théo Fernandez,actor
5251,nm3684463,Mounir Ait Hamou,actor
5252,nm3684911,Emilie Brunner,actress
5253,nm3691738,Stéfi Celma,actress
5256,nm3695548,Paloma Contreras,actress
5257,nm3717148,Zineb Triki,actress
5259,nm3718145,Mélodie Richard,actress
5260,nm3723133,Doria Tillier,actress
5266,nm3730462,Isabelle Funaro,actress
5268,nm3732981,Said Serhan,actor
5269,nm3739849,Tom Dingler,actor
5271,nm3743617,Philippe Lacheau,actor
5280,nm3752454,Noah Silver,actor
5281,nm3753393,Laurence Arné,actress
5287,nm3757235,Bérengère Krief,actress
5293,nm3781393,Sabila Moussadek,actress
5294,nm3791232,Sophie de Fürst,actress
5295,nm3794614,Gaspard Proust,actor
5297,nm3798283,Elsa Pierret,actress
5298,nm3798891,Eulalie Juster,actress
5299,nm3805567,Blondin Miguel,actor
5300,nm3809653,Sofiia Manousha,actress
5302,nm3851426,Tarek Boudali,actor
5311,nm3856271,Mathias Melloul,actor
5312,nm3856910,Solal Bouloudnine,actor
5313,nm3859184,Flore Babled,actress
5314,nm3873825,François De Brigode,actor
5315,nm3874127,Camélia Jordana,actress
5320,nm3877453,Andrew Danish,actor
5321,nm3880909,Chloé Boreham,actress
5322,nm3883266,Véronique Caldarola Piétryniack,actress
5323,nm3894232,Francisco Belard,actor
5324,nm3900073,Rachid Yous,actor
5325,nm3902885,Alice Belaïdi,actress
5337,nm3905232,Clovis Fouin,actor
5338,nm3905923,Miranda Colclasure,actress
5339,nm3922902,Jean-Baptiste Lafarge,actor
5340,nm3923608,Juliette Chappey,actress
5341,nm3927701,Hugo Becker,actor
5342,nm3930825,Rémi Taffanel,actor
5343,nm3937233,Nora Hamzawi,actress
5345,nm3939436,Sarah Suco,actress
5350,nm3939978,Gérome Barry,actor
5351,nm3942523,Donia Eden,actress
5352,nm3943846,Nathan Simony,actor
5353,nm3943919,Razane Jammal,actress
5354,nm3947700,Claire Sermonne,actress
5355,nm3952521,Constance Labbé,actress
5356,nm3955535,Juliette Montel,actress
5357,nm3979418,Diane Bonnot,actress
5358,nm3987673,Ariane Labed,actress
5359,nm3990406,Bernard Auguste Koueno,actor
5360,nm4044784,Damien Bonnard,actor
5365,nm4050246,Johnny Rasse,actor
5366,nm4053792,Christel Pedrinelli,actress
5367,nm4056825,Alexandre Jollien,actor
5368,nm4062509,Isabelle Prim,actress
5369,nm4067896,Carla Besnaïnou,actress
5370,nm4070922,Mathieu Madénian,actor
5371,nm4080592,Paul Bartel,actor
5373,nm4084364,Benjamin Crotty,actor
5374,nm4088936,Abdelkader Secteur,actor
5375,nm4095768,Ouidad Elma,actress
5376,nm4098287,Audrey Bastien,actress
5379,nm4111888,Pauline Cheviller,actress
5380,nm4142643,Leïla Denio,actress
5381,nm4143658,Raed Yassin,actor
5382,nm4145606,Lucile Krier,actress
5383,nm4150462,Jib Pocthier,actor
5384,nm4150929,Medi Sadoun,actor
5394,nm4151736,Franck Gastambide,actor
5401,nm4159235,Myriem Akheddiou,actress
5402,nm4166709,Camille Rutherford,actress
5403,nm4178963,Lola Bessis,actress
5404,nm4186329,Djanis Bouzyani,actor
5405,nm4205963,Oulaya Amamra,actress
5408,nm4206854,Tanguy Onakoy,actor
5409,nm4225981,Alison Wheeler,actress
5414,nm4238622,Fatsah Bouyahmed,actor
5420,nm4243138,Denis Eyriey,actor
5421,nm4246728,Malik Bentalha,actor
5427,nm4253884,Camille Razat,actress
5429,nm4254531,Sveva Alviti,actress
5430,nm4257464,Jonathan Genet,actor
5431,nm4280460,India Hair,actress
5438,nm4296971,Solène Rigot,actress
5440,nm4297691,Marine Vacth,actress
5441,nm4302620,Juliette Damiens,actress
5442,nm4312350,Eric Uzan,actor
5443,nm4313343,Harald Marlot,actor
5444,nm4343886,Paulin Jaccoud,actor
5445,nm4372913,Moussa Mansaly,actor
5448,nm4374420,Fanny Touron,actress
5449,nm4374524,Noémie Merlant,actress
5454,nm4391872,Malonn Lévana,actress
5455,nm4393560,Alice Isaaz,actress
5460,nm4399360,Néo Rouleau,actor
5461,nm4401484,Tiphaine Daviot,actress
5463,nm4423371,Yann Papin,actor
5464,nm4425398,Georgia Scalliet,actress
5465,nm4446099,Stéphane Plaza,actor
5466,nm4451784,Emilie Piponnier,actress
5467,nm4473046,Sofian Khammes,actor
5468,nm4473893,William Lebghil,actor
5478,nm4500558,Thibault Le Guellec,actor
5479,nm4520212,Ella Waldmann,actress
5480,nm4538802,Monsieur Poulpe,actor
5482,nm4544506,Pierre Lottin,actor
5485,nm4552893,Thomas Solivérès,actor
5490,nm4567471,Mehdi Djaadi,actor
5491,nm4570648,Sébastien Fouillade,actor
5492,nm4576727,François Deblock,actor
5495,nm4589523,Théophile Baquet,actor
5496,nm4595016,Kyan Khojandi,actor
5500,nm4595176,Kheiron,actor
5503,nm4629815,Camille Genaud,actress
5504,nm4630417,Manuel Sorroche,actor
5505,nm4634909,Grégoire Isvarine,actor
5506,nm4638139,Carole Le Page,actress
5507,nm4645107,Fanie Zanini,actress
5508,nm4667484,Emma Charpentier,actress
5509,nm4684387,Baptiste Lecaplain,actor
5513,nm4698449,David Marsais,actor
5517,nm4699416,Waly Dia,actor
5518,nm4708285,Matilda Marty-Giraut,actress
5519,nm4714099,Lola Marois-Bigard,actress
5520,nm4720887,David Mora,actor
5521,nm4724320,Bastien Ughetto,actor
5525,nm4727226,Mercedes Dassy,actor
5526,nm4765550,Orelsan,actor
5529,nm4778780,Hedi Bouchenafa,actor
5530,nm4782158,Steve Tientcheu,actor
5533,nm4795254,Mathis Touré,actor
5534,nm4826842,Julien Pestel,actor
5535,nm4836069,Prescillia Andreani,actress
5536,nm4840194,Jean-Pascal Zadi,actor
5539,nm4848309,Solène Hébert,actress
5541,nm4858550,Sophie Verbeeck,actress
5542,nm4865197,Loïc Legendre,actor
5543,nm4873222,Mélanie Malhère,actress
5544,nm4875522,Makita Samba,actor
5545,nm4876346,Martin Daquin,actor
5546,nm4885097,Jean-Luc Vincent,actor
5548,nm4885772,Kévin Razy,actor
5549,nm4886108,Pierre Siankowski,actor
5550,nm4916156,Valentine Klingberg,actor
5551,nm4936279,Lumina Wang,actress
5552,nm4965605,Manon Kneusé,actress
5553,nm4965846,M'Barek Belkouk,actor
5554,nm4988695,Barbara Bolotner,actress
5555,nm5004095,Norman Thavaud,actor
5556,nm5017499,Gina Jimenez,actress
5557,nm5022546,Yohan Manca,actor
5558,nm5027749,Luna Lou,actress
5559,nm5033444,Julien Arruti,actor
5565,nm5046205,Jonathan Damas,actor
5566,nm5046208,Patoche,actress
5567,nm5046230,Ahmed Moualek,actor
5568,nm5046327,Ophélie Montel,actress
5569,nm5049355,Rayane Bensetti,actor
5574,nm5052617,Assad Ahmed,actor
5575,nm5086277,Salvatore Esposito,actor
5576,nm5098960,Ahmed Dramé,actor
5578,nm5106695,Anna Lemarchand,actress
5580,nm5106779,Aadar Malik,actor
5581,nm5116070,Idrissa Diabaté,actor
5582,nm5117871,Pablo Pauly,actor
5589,nm5118117,Alexandre Achdjian,actor
5590,nm5120886,Michaël Louchart,actor
5591,nm5131566,Thiébaut Viel,actor
5592,nm5149542,Noémie Schmidt,actress
5595,nm5157681,Anouar Toubali,actor
5596,nm5159790,Megan Northam,actress
5598,nm5180960,Django Schrevens,actor
5599,nm5210681,Bastien Guio,actor
5600,nm5212267,Nicolas Martinez,actor
5601,nm5237479,Stacy Martin,actress
5604,nm5240127,Louise Coldefy,actress
5606,nm5245171,Nawell Madani,actress
5607,nm5254381,Marin Orcand Tourrès,actor
5608,nm5293255,Johann Dionnet,actor
5609,nm5294269,Fary,actor
5610,nm5299903,Panagos Ioakeim,actor
5611,nm5304098,Sarah Perles,actress
5612,nm5307570,Quentin Bouissou,actor
5613,nm5312533,Ivan Georgiev,actor
5614,nm5312818,Pauline Brunner,actress
5616,nm5313788,Redouanne Harjane,actor
5617,nm5327910,Ali Mafakheri,actor
5618,nm5328666,Mattias Ripa,actor
5619,nm5331611,Léana Doucet,actress
5620,nm5343397,Souleymane Seye Ndiaye,actor
5621,nm5361666,Raphaël Descraques,actor
5623,nm5368103,Azize Diabaté Abdoulaye,actor
5624,nm5368373,Ismaël Ouazzani,actor
5625,nm5394573,Luna Picoli-Truffaut,actress
5626,nm5398167,Jérémie Laheurte,actor
5627,nm5400953,Sofia Lesaffre,actress
5629,nm5409944,Lola Lasseron,actress
5630,nm5416705,Arman Navasardyan,actor
5631,nm5420894,Simon Coutret,actor
5632,nm5421822,Charles Crombez,actor
5633,nm5438400,Mahamadou Sangaré,actor
5634,nm5439431,Ludovik,actor
5637,nm5447402,Bertrand Usclat,actor
5638,nm5478777,Idir Chender,actor
5639,nm5479692,Sami Bouzid,actor
5640,nm5484865,Shana Castera,actress
5641,nm5487541,Ilian Bergala,actor
5642,nm5495693,Lou Aziosmanoff,actress
5643,nm5496428,Victor Laforge,actor
5644,nm5503527,Enya Baroux,actress
5645,nm5506925,Caroline Grant,actress
5646,nm5508686,Brahim Tekfa,actor
5647,nm5510533,Alexis Moncorgé,actor
5648,nm5518454,Zouher Rahim,actor
5649,nm5518888,Jean-Stan Du Pac,actor
5650,nm5522284,Margot Bancilhon,actress
5654,nm5524273,Paul Hamy,actor
5655,nm5534321,Claire Counil,actor
5656,nm5535345,Clément Chauvin,actor
5657,nm5565659,Yan Tual,actor
5658,nm5567108,Frédérique Barré,actress
5659,nm5567482,Noémie Rosset,actress
5660,nm5567655,Hubert Viel,actor
5661,nm5568677,Manon Aziosmanoff,actress
5662,nm5580968,Nicole Ferroni,actress
5664,nm5583664,Eugenio Renzi,actor
5665,nm5585713,Ahmed Sylla,actor
5673,nm5586389,Hélène Bressiant,actress
5674,nm5586991,Louka Meliava,actor
5675,nm5602595,Paul Lefevre,actor
5676,nm5602757,Mathilde Fouet,actress
5677,nm5603751,Pauline Noziere,actress
5678,nm5605150,Noémie Chicheportiche,actress
5679,nm5610663,Carolina Jurczak,actress
5680,nm5612982,Diana Laszlo,actress
5681,nm5619307,Jeanne Jestin,actress
5682,nm5620088,Maxence Tual,actor
5686,nm5627378,Sofie Rimestad,actress
5687,nm5627640,Anthony Kavanagh,actor
5688,nm5630226,Lelio Naccari,actor
5689,nm5631264,Hamza Meziani,actor
5690,nm5638922,Charlotte Gabris,actress
5694,nm5648710,Thomas de Pourquery,actor
5695,nm5669488,Matthieu Sampeur,actor
5696,nm5671271,Mathieu Torloting,actor
5697,nm5674012,Camille Lellouche,actress
5700,nm5674479,Jules Sagot,actor
5701,nm5677598,Baptiste Lorber,actor
5702,nm5681643,Sheila Coren-Tissot,actress
5703,nm5684796,Jérôme Niel,actor
5705,nm5700809,Leyla Jawad,actress
5706,nm5701935,Azedine Kasri,actor
5707,nm5702159,Cédric Auffret,actor
5708,nm5712211,Anaïs Müller,actress
5709,nm5761414,Pauline Huruguen,actress
5710,nm5774642,Julien Josselin,actor
5711,nm5776464,Adèle Galloy,actress
5712,nm5802695,Thomas Pesquet,actor
5713,nm5805344,Elisa Erka,actress
5714,nm5811069,Camille Loubens,actor
5715,nm5812723,Nathalie Odzierejko,actress
5716,nm5812965,Amir El Kacem,actor
5717,nm5814271,Paula Denis,actress
5718,nm5826963,Hugo Dessioux,actor
5719,nm5864806,Diane Rouxel,actress
5720,nm5874404,Marine Bohin,actress
5721,nm5899218,Nadège Dabrowski,actress
5722,nm5908908,Céline Fuhrer,actress
5724,nm5919963,Andrea Romano,actor
5725,nm5940093,Clara Joly,actress
5726,nm5954124,Leopold Huet,actor
5727,nm5959033,Damien Chapelle,actor
5729,nm5961385,Melha Bedia,actress
5732,nm5963883,Magalie Le Naour-Saby,actress
5733,nm5988891,Guillaume Arnault,actor
5734,nm5995907,Fanny Pierre,actress
5735,nm6001868,Victor Assié,actor
5736,nm6018249,Rodrigue Sleiman,actor
5737,nm6032312,Adrien Marik,actor
5738,nm6032313,Pascaline Ferrer,actress
5739,nm6060299,Yannis Bougeard,actor
5740,nm6074293,Héloïse Martin,actress
5742,nm6113836,Artus,actor
5747,nm6118544,Samatin Pendev,actor
5748,nm6119784,Christelle Annocque,actress
5749,nm6120809,Susanne Schmidt,actress
5750,nm6130976,Nordine Salhi,actor
5751,nm6130977,Karim Jebli,actor
5752,nm6137761,Ornella Fleury,actress
5754,nm6170134,Christian Brahy,actor
5755,nm6199380,Kolia Abiteboul,actor
5756,nm6235401,Bellamine Abdelmalek,actor
5757,nm6236049,Ole Eliassen,actor
5758,nm6237589,Gringe,actor
5761,nm6261003,Raphaël Thiéry,actor
5762,nm6303670,Louane Emera,actress
5766,nm6337635,Marion Mezadorian,actress
5767,nm6352268,Coralie Russier,actress
5768,nm6368502,Léo Lorléac'h,actor
5770,nm6376302,Vincent Tirel,actor
5771,nm6395903,Eva Lallier,actress
5772,nm6414713,Karidja Touré,actress
5773,nm6444774,Philippine Stindel,actress
5774,nm6453870,Frédérique Bruel,actress
5775,nm6497349,Pili Groyne,actress
5778,nm6507860,Lucie Fagedet,actress
5779,nm6542426,Mihaï Grecu,actor
5780,nm6542427,Adrien Fournier,actor
5781,nm6552520,Victor George,actor
5782,nm6573023,Feryel Chammari,actress
5783,nm6574569,Soumaye Bocoum,actress
5784,nm6575696,Yumna Marwan,actress
5785,nm6579573,Réphaël Ghrenassia,actor
5786,nm6579574,Joshua Raccah,actor
5787,nm6593921,Charles Mérienne,actor
5788,nm6623016,Jean Le Peltier,actor
5789,nm6641010,Enzo Vassallo,actor
5790,nm6641011,Léonore Fernandes,actor
5791,nm6642597,Taichi Inoue,actor
5792,nm6664420,Alexandre Desrousseaux,actor
5795,nm6665695,Chann Aglat,actress
5796,nm6675440,Lily-Rose Depp,actress
5797,nm6700447,Leopold Buchsbaum,actor
5798,nm6713901,Victorien Cacioppo,actor
5799,nm6725563,Marilyn Lima,actress
5800,nm6728381,Chawanrut Janjittranon,actress
5801,nm6733166,Assa Sylla,actress
5802,nm6745676,Sébastien Chassagne,actor
5803,nm6750307,Victor Cabal,actor
5804,nm6756914,Zahia Dehar,actress
5805,nm6781043,Quentin Dolmaire,actor
5806,nm6787802,Bastien Garcia,actor
5807,nm6829280,Jean-Louis Garçon,actor
5808,nm6829691,Théodore Pellerin,actor
5809,nm6840485,Madi Belem,actor
5810,nm6848464,Marc Riso,actor
5811,nm6856836,Séli Gmach,actress
5812,nm6864561,Mehdi Kerkouche,actor
5813,nm6875292,Yasin Houicha,actor
5815,nm6875297,Tracy Gotoas,actress
5816,nm6885213,Kamel Abdessadok,actor
5818,nm6888511,Régine Elmaleh,actress
5819,nm6891141,Christine Gautier,actress
5821,nm6891947,Lyna Khoudri,actress
5822,nm6908204,Lola Le Lann,actress
5823,nm6911887,François Pouron,actor
5824,nm6943682,Pascal Joyeux,actor
5825,nm6947404,Médina Diarra,actress
5826,nm6997839,Manal Issa,actress
5827,nm6997926,Lamine Cissokho,actor
5828,nm7013406,Vincent Dedienne,actor
5831,nm7025722,Daniel Vannet,actor
5832,nm7028122,Léa Lopez,actress
5833,nm7079050,Camille Lou,actress
5836,nm7089573,Adriane Gradziel,actress
5837,nm7109283,Eric Metzger,actor
5838,nm7109284,Quentin Margot,actor
5839,nm7178921,Yseult,actress
5840,nm7183870,Vianney,actor
5841,nm7184113,Zoé Adjani,actress
5842,nm7230577,Mathilde Ollivier,actress
5843,nm7230739,Tania Vuchkova,actress
5844,nm7259867,Mariya Akhmetzyanova,actress
5845,nm7263073,Timéo Bolland,actor
5846,nm7271615,Camille Aguilar,actress
5847,nm7273748,Elodée Cathary,actress
5848,nm7278099,Ange Dargent,actor
5849,nm7286379,Jeremy Lewin,actor
5850,nm7298592,Mahaut Adam,actress
5851,nm7306710,Alexia Giordano,actress
5852,nm7312827,Leyla Doriane,actress
5853,nm7318671,Kader Bueno,actor
5854,nm7348359,Elena Kizilova,actress
5855,nm7368024,Déborah Lukumuena,actress
5856,nm7381498,Chloé Astor,actress
5857,nm7386410,Yann Frisch,actor
5858,nm7393452,Inas Chanti,actress
5859,nm7393453,Souad Arsane,actress
5860,nm7398242,Guillaume Cloud-Roussel,actor
5861,nm7400437,Antoine Tergal,actor
5862,nm7400438,Simon P.R. Bewick,actor
5863,nm7406532,Thomas Depas,actor
5864,nm7410426,Diane Besnier,actress
5865,nm7415049,Agnès Hurstel,actress
5866,nm7444133,Landen Beattie,actor
5867,nm7457903,Bilal Aya,actor
5868,nm7457905,Louis Durant,actor
5869,nm7457909,Tom Canivet,actor
5870,nm7470134,Fahmi Guerbaa,actor
5871,nm7470135,Landry Delicat,actor
5872,nm7477145,Kaycie Chase,actress
5874,nm7502587,Lou Lambrecht,actress
5875,nm7550746,Noémie Zeitoun,actress
5876,nm7557188,Anthony Bajon,actor
5881,nm7557275,Rosemary Standley,actress
5882,nm7573814,Majd Mastoura,actor
5883,nm7580424,Debora Khan,actress
5884,nm7580719,Guillaume Duhesme,actor
5885,nm7585878,Victor Belmondo,actor
5888,nm7627120,Maxime Gasteuil,actor
5889,nm7629969,Raphaël Quenard,actor
5892,nm7633674,Lou Cottin,actress
5893,nm7633675,Rosie Mahon de Monaghan,actress
5894,nm7709081,Rudolph Ghevondyan,actor
5895,nm7718087,Antonin Brunelle-Rémy,actor
5896,nm7718974,Seydou Doucouré,actor
5897,nm7718975,Claude Urbiztondo Llarch,actor
5898,nm7742761,Angèle Metzger,actress
5899,nm7753893,Augustin de Monts,actor
5900,nm7757118,Guilhem Valayé,actor
5901,nm7759387,Jimmy Labeeu,actor
5903,nm7779367,Julien Campani,actor
5904,nm7839879,Alix Vaillot,actress
5905,nm7847076,Axel Gallois,actor
5906,nm7864169,Mickaël Pelissier,actor
5907,nm7864211,Héloïse Dugas,actress
5908,nm7865906,Audrey Pirault,actress
5909,nm7877103,Jeanne Damas,actress
5910,nm7887985,Marie-Camille Soyer,actress
5911,nm7928253,Waël Sersoub,actor
5912,nm7949493,Lila Poulet-Berenfeld,actress
5913,nm7967336,Samvel Tadevossian,actor
5914,nm7969354,Judith Elmaleh,actress
5915,nm7976185,Jeanne Guittet,actress
5916,nm7987911,Carl Malapa,actor
5917,nm7991949,Jean-Luc Fabre,actor
5918,nm8000467,Manon Bresch,actress
5919,nm8045516,Fadily Camara,actress
5920,nm8063378,Tatiana Verstraeten,actress
5921,nm8066528,Nadia Tereszkiewicz,actress
5922,nm8090479,Sophie Mousel,actress
5923,nm8101777,Gaspard Schlatter,actor
5924,nm8101778,Sixtine Murat,actress
5925,nm8106175,Digbeu Cravate,actor
5926,nm8107538,Zelie Rixhon,actress
5927,nm8116327,Gavril Dartevelle,actor
5928,nm8124774,Romain Léger,actor
5929,nm8124776,Robert Follet,actor
5930,nm8143293,Basile Meilleurat,actor
5931,nm8144032,Christophe Montenez,actor
5932,nm8152835,Hakim Jemili,actor
5934,nm8161711,Rosalie Carn,actress
5935,nm8161834,Panayotis Pascot,actor
5936,nm8162572,Guillaume Darnault,actor
5937,nm8178914,Stéphane Bernard,actor
5938,nm8181547,Mounir Amamra,actor
5939,nm8186321,Salomé Diénis Meulien,actress
5940,nm8189178,Mahé Laridan,actor
5941,nm8200062,Inès d'Assomption,actress
5942,nm8202045,Andréa Bescond,actress
5943,nm8226275,Sneazzy West,actor
5944,nm8230929,Sipan Mouradian,actor
5945,nm8294079,Saskia de Melo Dillais,actress
5947,nm8308968,Benjamin Voisin,actor
5949,nm8353995,Emmy Boissard Paumelle,actor
5950,nm8353996,Céline Laurentie,actress
5951,nm8390021,Thomas Gioria,actor
5952,nm8402694,Ruby Minard,actress
5953,nm8422138,Bayron Lebli,actor
5954,nm8452645,Roman Frayssinet,actor
5955,nm8453051,Marie Zabukovec,actress
5956,nm8511594,Xavier Cordonnier,actor
5957,nm8543451,Noée Abita,actress
5959,nm8589627,Mutamba Kalonji,actor
5960,nm8612387,Matteo Perez,actor
5962,nm8642348,Thomas Guy,actor
5963,nm8664147,Lilith Grasmug,actress
5964,nm8664148,Zoé De Tarlé,actress
5965,nm8683179,Sidi Mejai,actor
5966,nm8683180,Mehdi Dahmane,actor
5967,nm8746286,Anna Ivacheff,actress
5968,nm8748509,Bilel Chegrani,actor
5969,nm8782383,Louis Rossignol,actor
5970,nm8789965,Nils Othenin-Girard,actor
5973,nm8801637,Louna Espinosa,actress
5975,nm8812594,Virginie Acariès,actress
5976,nm8833899,Flavie Delangle,actress
5977,nm8852665,Roman Jean-Elie,actor
5978,nm8854606,Manon Palmer,actress
5979,nm8856636,Milena Csergo,actress
5980,nm8859382,Hanne Mathisen Haga,actress
5981,nm8897446,Charlie Langendries,actor
5983,nm8904580,Laura Felpin,actress
5984,nm8921535,Jean Scandel,actor
5985,nm8924553,Mickaël Lumière,actor
5988,nm8957516,Rose Rebbot-Bohringer,actor
5989,nm8957517,Raoul Rebbot-Bohringer,actor
5990,nm8988411,Marc Fraize,actor
5992,nm8993530,Sacha Pinault,actor
5993,nm8994338,Manel Foulgoc,actor
5994,nm9061508,Lila Gueneau Lefas,actress
5995,nm9065614,Théo Christine,actor
5996,nm9076691,Mohamed Belkhir,actor
5997,nm9113893,Souheila Yacoub,actress
5998,nm9137581,Joaquim Fossi,actor
5999,nm9150310,Paul Borne,actor
6000,nm9153782,Shailesh Pandey,actor
6001,nm9205708,Arash,actor
6002,nm9205709,Hossein,actor
6003,nm9205710,Ashkan,actor
6004,nm9205711,Charlotte,actress
6005,nm9211799,Adda Senani,actor
6006,nm9217750,Shaïn Boumedine,actor
6007,nm9222898,Renely Alfred,actor
6008,nm9229144,Pierre Gommé,actor
6009,nm9239003,Eugène Marcuse,actor
6010,nm9255514,Diane Breuil,actress
6011,nm9255515,Francis Gerardin,actor
6012,nm9262152,Abdoulaye Diallo,actor
6013,nm9268982,Dara Tombroff,actress
6014,nm9279520,Alexandra Holzhammer,actress
6015,nm9293128,Justine Lacroix,actress
6017,nm9293129,Sarah Henochsberg,actress
6018,nm9296288,Romain Eck,actor
6019,nm9298819,Timothée Moffen,actor
6020,nm9331617,Pauline Clément,actress
6022,nm9364577,Mathieu Capella,actor
6023,nm9384029,Hélie Thonnat,actor
6024,nm9396110,Kelly Vedovelli,actress
6025,nm9493225,Salif Cissé,actor
6026,nm9496164,Ava Baya,actress
6027,nm9497119,Paul Demoustier,actor
6028,nm9497120,Cléo Demoustier,actress
6029,nm9499214,Anton Csazar,actor
6030,nm9521992,Maleaume Paquin,actor
6031,nm9593284,Ilies Kadri,actor
6032,nm9612983,Eva Danino,actress
6033,nm9626631,Djimo,actor
6034,nm9686271,Esther Archambault,actress
6035,nm9706533,Mathys Clodion-Gines,actor
6036,nm9737149,Ilan Debrabant,actor
6038,nm9737150,Louise Labèque,actress
6039,nm9738262,Faustine Daigremont,actor
6040,nm9757986,Oscar Pauleau,actor
6041,nm9777555,Jules Lefebvre,actor
6042,nm9798648,Paloma Lopez,actress
6043,nm9830527,Matteo Salamone,actor
6044,nm9850111,Maya Compagnie,actress
6045,nm9854781,Mimoun Benabderrahmane,actor
6046,nm9910838,Simon Faliu,actor
6048,nm9936462,Louise Malek,actress
6049,nm9941921,Wilfrid Ameuille,actor
6050,nm9947012,Mathis Romani,actor
