,tconst,nconst,primaryName
0,tt0163141,nm0818996,Michel Spinosa
1,tt0181548,nm0418621,Frédéric Jardin
2,tt0305395,nm0418621,Frédéric Jardin
3,tt0183869,nm0470443,Gérard Krawczyk
4,tt0281364,nm0470443,Gérard Krawczyk
5,tt0295721,nm0470443,Gérard Krawczyk
6,tt0305568,nm0470443,Gérard Krawczyk
7,tt0429227,nm0470443,Gérard Krawczyk
8,tt0804540,nm0470443,Gérard Krawczyk
9,tt0880440,nm0470443,Gérard Krawczyk
10,tt0195119,nm0270830,Raphael Fejtö
11,tt0211387,nm0654830,François Ozon
12,tt0283832,nm0654830,François Ozon
13,tt1521848,nm0654830,François Ozon
14,tt20330434,nm0654830,François Ozon
15,tt3184934,nm0654830,François Ozon
16,tt0211900,nm0088397,Bertrand Blier
17,tt0293672,nm0088397,Bertrand Blier
18,tt0420555,nm0088397,Bertrand Blier
19,tt1517214,nm0088397,Bertrand Blier
20,tt7664096,nm0088397,Bertrand Blier
21,tt0214289,nm0319624,Thomas Gilou
22,tt12847680,nm0319624,Thomas Gilou
23,tt1285228,nm0319624,Thomas Gilou
24,tt1794850,nm0319624,Thomas Gilou
25,tt0214878,nm0013041,Gabriel Aghion
26,tt0271945,nm0013041,Gabriel Aghion
27,tt0395721,nm0013041,Gabriel Aghion
28,tt0215757,nm0099828,Didier Bourdon
29,tt0286009,nm0099828,Didier Bourdon
30,tt0339525,nm0099828,Didier Bourdon
31,tt0498116,nm0099828,Didier Bourdon
32,tt1454607,nm0099828,Didier Bourdon
33,tt3092076,nm0099828,Didier Bourdon
34,tt0216522,nm0105317,Patrick Braoudé
35,tt0216787,nm0418450,Agnès Jaoui
36,tt0374583,nm0418450,Agnès Jaoui
37,tt1065332,nm0418450,Agnès Jaoui
38,tt2241691,nm0418450,Agnès Jaoui
39,tt6972372,nm0418450,Agnès Jaoui
40,tt0216800,nm0596962,Dominik Moll
41,tt5038358,nm0596962,Dominik Moll
42,tt0216890,nm0003606,Philippe de Broca
43,tt0216911,nm0432040,Gérard Jugnot
44,tt0291400,nm0432040,Gérard Jugnot
45,tt0423877,nm0432040,Gérard Jugnot
46,tt13321782,nm0432040,Gérard Jugnot
47,tt1463450,nm0432040,Gérard Jugnot
48,tt6063866,nm0432040,Gérard Jugnot
49,tt0216983,nm0418619,Alexandre Jardin
50,tt0217168,nm0479738,Jeanne Labrune
51,tt0302382,nm0479738,Jeanne Labrune
52,tt0383966,nm0479738,Jeanne Labrune
53,tt1590157,nm0479738,Jeanne Labrune
54,tt0225410,nm0244691,Laurent Dussaux
55,tt0226708,nm0547456,Harriet Marin
56,tt0228242,nm0239725,Olivier Ducastel
57,tt0304363,nm0239725,Olivier Ducastel
58,tt0428430,nm0239725,Olivier Ducastel
59,tt0228242,nm0553303,Jacques Martineau
60,tt0304363,nm0553303,Jacques Martineau
61,tt0428430,nm0553303,Jacques Martineau
62,tt0229664,nm0643664,Michel Ocelot
63,tt0230098,nm0243666,Ilan Duran Cohen
64,tt0427662,nm0243666,Ilan Duran Cohen
65,tt1105739,nm0243666,Ilan Duran Cohen
66,tt0230921,nm0888720,Chris Vander Stappen
67,tt0233709,nm0415245,Benoît Jacquot
68,tt0234663,nm0109885,Jean-Claude Brisseau
69,tt0287963,nm0109885,Jean-Claude Brisseau
70,tt5509412,nm0109885,Jean-Claude Brisseau
71,tt0234940,nm0069711,Lucas Belvaux
72,tt0235108,nm0350168,Robert Guédiguian
73,tt1852006,nm0350168,Robert Guédiguian
74,tt3744684,nm0350168,Robert Guédiguian
75,tt7219324,nm0350168,Robert Guédiguian
76,tt0236000,nm0277230,Sophie Fillières
77,tt0434969,nm0277230,Sophie Fillières
78,tt1259604,nm0277230,Sophie Fillières
79,tt3202374,nm0277230,Sophie Fillières
80,tt6690176,nm0277230,Sophie Fillières
81,tt0237106,nm0039903,Eric Assous
82,tt0318806,nm0039903,Eric Assous
83,tt0238036,nm0799110,Emmanuel Silvestre
84,tt0238036,nm0821539,Thibault Staib
85,tt0239507,nm0083752,Anne-Sophie Birot
86,tt0239695,nm0801533,Jean-Pierre Sinapi
87,tt0428293,nm0801533,Jean-Pierre Sinapi
88,tt0240009,nm0494569,Eric Le Roch
89,tt1309463,nm0494569,Eric Le Roch
90,tt0240149,nm0137228,Christian Carion
91,tt0243135,nm0278705,Laurent Firode
92,tt18816170,nm0278705,Laurent Firode
93,tt0243493,nm0891554,Francis Veber
94,tt0310203,nm0891554,Francis Veber
95,tt0449851,nm0891554,Francis Veber
96,tt1182924,nm0891554,Francis Veber
97,tt0245530,nm0065449,Jean Becker
98,tt0825244,nm0065449,Jean Becker
99,tt1455151,nm0065449,Jean Becker
100,tt3399054,nm0065449,Jean Becker
101,tt0246158,nm0581170,Christian Merret-Palmair
102,tt1998245,nm0581170,Christian Merret-Palmair
103,tt0246278,nm0491774,Yves Lavandier
104,tt0246431,nm0529591,Pascal Légitimus
105,tt3092076,nm0529591,Pascal Légitimus
106,tt0246717,nm0190988,Nicolas Cuche
107,tt13079150,nm0190988,Nicolas Cuche
108,tt1667100,nm0190988,Nicolas Cuche
109,tt2442502,nm0190988,Nicolas Cuche
110,tt0246870,nm0006734,Alain Corneau
111,tt0318725,nm0006734,Alain Corneau
112,tt0249568,nm0596347,Nadir Moknèche
113,tt0249935,nm0879406,Muriel Téodori
114,tt0250223,nm0149260,Alain Chabat
115,tt0357111,nm0149260,Alain Chabat
116,tt1723642,nm0149260,Alain Chabat
117,tt7018010,nm0149260,Alain Chabat
118,tt0250343,nm0156152,Jean-Julien Chervier
119,tt0250343,nm0643130,Agnès Obadia
120,tt1388912,nm0643130,Agnès Obadia
121,tt2430044,nm0643130,Agnès Obadia
122,tt0252665,nm0362854,Philippe Harel
123,tt0400897,nm0362854,Philippe Harel
124,tt0991350,nm0362854,Philippe Harel
125,tt0253225,nm0513371,Philippe Lioret
126,tt0273772,nm0513371,Philippe Lioret
127,tt0254521,nm0687913,Bruno Podalydès
128,tt0356922,nm0687913,Bruno Podalydès
129,tt0385933,nm0687913,Bruno Podalydès
130,tt0401711,nm0687913,Bruno Podalydès
131,tt1156505,nm0687913,Bruno Podalydès
132,tt12078024,nm0687913,Bruno Podalydès
133,tt2399495,nm0687913,Bruno Podalydès
134,tt24799686,nm0687913,Bruno Podalydès
135,tt4163644,nm0687913,Bruno Podalydès
136,tt7217128,nm0687913,Bruno Podalydès
137,tt0256666,nm0347492,Alain Guiraudie
138,tt0259289,nm0347492,Alain Guiraudie
139,tt0339553,nm0347492,Alain Guiraudie
140,tt0429231,nm0347492,Alain Guiraudie
141,tt11669538,nm0347492,Alain Guiraudie
142,tt1354564,nm0347492,Alain Guiraudie
143,tt5231812,nm0347492,Alain Guiraudie
144,tt0257434,nm0000852,Jean-Marc Barr
145,tt1753584,nm0000852,Jean-Marc Barr
146,tt0257434,nm0036331,Pascal Arnold
147,tt1753584,nm0036331,Pascal Arnold
148,tt0259060,nm0625896,Charles Nemes
149,tt0402093,nm0625896,Charles Nemes
150,tt1353040,nm0625896,Charles Nemes
151,tt1753535,nm0625896,Charles Nemes
152,tt2644800,nm0625896,Charles Nemes
153,tt0259340,nm0671844,Artus de Penguern
154,tt1966505,nm0671844,Artus de Penguern
155,tt0260185,nm0836681,Jean-François Stévenin
156,tt0260767,nm0488623,Arnaud Larrieu
157,tt0329706,nm0488623,Arnaud Larrieu
158,tt1160027,nm0488623,Arnaud Larrieu
159,tt12591668,nm0488623,Arnaud Larrieu
160,tt4022440,nm0488623,Arnaud Larrieu
161,tt0260767,nm0488626,Jean-Marie Larrieu
162,tt0329706,nm0488626,Jean-Marie Larrieu
163,tt1160027,nm0488626,Jean-Marie Larrieu
164,tt12591668,nm0488626,Jean-Marie Larrieu
165,tt4022440,nm0488626,Jean-Marie Larrieu
166,tt0262429,nm0506576,Patrick Levy
167,tt0262826,nm0719348,Pierre-Paul Renders
168,tt0402378,nm0719348,Pierre-Paul Renders
169,tt0265116,nm0785684,Coline Serreau
170,tt0271337,nm0785684,Coline Serreau
171,tt0429052,nm0785684,Coline Serreau
172,tt0266013,nm0288559,Eric Fourniols
173,tt0266849,nm0095473,Philippe Boon
174,tt0266849,nm0104589,Laurent Brandenbourger
175,tt0268211,nm0230695,Jacques Doillon
176,tt0269105,nm0814719,Alain Soral
177,tt0269329,nm0002218,Claude Miller
178,tt0269499,nm0040939,Yvan Attal
179,tt0381270,nm0040939,Yvan Attal
180,tt10143498,nm0040939,Yvan Attal
181,tt5324800,nm0040939,Yvan Attal
182,tt6462462,nm0040939,Yvan Attal
183,tt0269771,nm0894742,Marion Vernoux
184,tt4161586,nm0894742,Marion Vernoux
185,tt8630054,nm0894742,Marion Vernoux
186,tt0271935,nm0018133,Patrick Alessandrin
187,tt0337674,nm0018133,Patrick Alessandrin
188,tt0272093,nm0054285,Thomas Bardinet
189,tt0272454,nm0006939,Richard Berry
190,tt0314390,nm0006939,Richard Berry
191,tt3913206,nm0006939,Richard Berry
192,tt0273772,nm0002174,Yves Angelo
193,tt0273772,nm0071117,Yamina Benguigui
194,tt0273772,nm0099379,Paul Boujenah
195,tt0273772,nm0181117,Catherine Corsini
196,tt0339572,nm0181117,Catherine Corsini
197,tt0792947,nm0181117,Catherine Corsini
198,tt13321730,nm0181117,Catherine Corsini
199,tt0273772,nm0216816,Emilie Deleuze
200,tt21150490,nm0216816,Emilie Deleuze
201,tt0273772,nm0243191,François Dupeyron
202,tt0329388,nm0243191,François Dupeyron
203,tt1517493,nm0243191,François Dupeyron
204,tt0273772,nm0244378,Xavier Durringer
205,tt10415020,nm0244378,Xavier Durringer
206,tt1711484,nm0244378,Xavier Durringer
207,tt0273772,nm0432369,Philippe Jullien
208,tt0273772,nm0501590,Jean-Pierre Lemouland
209,tt0273772,nm0512071,Vincent Lindon
210,tt0273772,nm0618729,Fanta Régina Nacro
211,tt0273772,nm0653366,Christophe Otzenberger
212,tt0274155,nm0154055,Étienne Chatiliez
213,tt0381104,nm0154055,Étienne Chatiliez
214,tt1068632,nm0154055,Étienne Chatiliez
215,tt2095685,nm0154055,Étienne Chatiliez
216,tt9235038,nm0154055,Étienne Chatiliez
217,tt0276837,nm0333818,Benoît Graffin
218,tt4616292,nm0333818,Benoît Graffin
219,tt0281108,nm0072354,Djamel Bensalah
220,tt0428663,nm0072354,Djamel Bensalah
221,tt1830499,nm0072354,Djamel Bensalah
222,tt7489740,nm0072354,Djamel Bensalah
223,tt0282155,nm0443592,Stéphane Kazandjian
224,tt1825889,nm0443592,Stéphane Kazandjian
225,tt6253370,nm0443592,Stéphane Kazandjian
226,tt0283422,nm0210701,Manoel de Oliveira
227,tt0973844,nm0210701,Manoel de Oliveira
228,tt0283957,nm0073322,Alain Berbérian
229,tt0380349,nm0073322,Alain Berbérian
230,tt0499435,nm0073322,Alain Berbérian
231,tt0283957,nm0004689,Frédéric Forestier
232,tt0428948,nm0004689,Frédéric Forestier
233,tt0463872,nm0004689,Frédéric Forestier
234,tt15049366,nm0004689,Frédéric Forestier
235,tt2166143,nm0004689,Frédéric Forestier
236,tt6286630,nm0004689,Frédéric Forestier
237,tt0284277,nm0409646,Otar Iosseliani
238,tt0494239,nm0409646,Otar Iosseliani
239,tt4880956,nm0409646,Otar Iosseliani
240,tt0285150,nm0197463,Philippe Dajoux
241,tt0285631,nm0703228,Florence Quentin
242,tt0443159,nm0703228,Florence Quentin
243,tt1064964,nm0703228,Florence Quentin
244,tt5972780,nm0703228,Florence Quentin
245,tt0285963,nm0464180,Amos Kollek
246,tt0285964,nm0863816,Patrick Timsit
247,tt0381008,nm0863816,Patrick Timsit
248,tt0286009,nm0132064,Bernard Campan
249,tt0819812,nm0132064,Bernard Campan
250,tt13553662,nm0132064,Bernard Campan
251,tt3092076,nm0132064,Bernard Campan
252,tt0286244,nm0158984,Sylvain Chomet
253,tt0401711,nm0158984,Sylvain Chomet
254,tt2474438,nm0158984,Sylvain Chomet
255,tt0287986,nm0047645,Pascale Bailly
256,tt0290809,nm0913966,Rémi Waterhouse
257,tt0290916,nm0003508,Michel Blanc
258,tt8763008,nm0003508,Michel Blanc
259,tt0291063,nm0099802,Emmanuel Bourdieu
260,tt0291320,nm0688585,Jean-Marie Poiré
261,tt2441982,nm0688585,Jean-Marie Poiré
262,tt0291392,nm0510816,Jean-Pierre Limosin
263,tt0291538,nm0001945,Claude Berri
264,tt0423442,nm0001945,Claude Berri
265,tt1517493,nm0001945,Claude Berri
266,tt0291542,nm0699095,Martin Provost
267,tt10441958,nm0699095,Martin Provost
268,tt0292720,nm0108447,Manon Briand
269,tt0293116,nm0860019,Danièle Thompson
270,tt0444112,nm0860019,Danièle Thompson
271,tt1193088,nm0860019,Danièle Thompson
272,tt2295750,nm0860019,Danièle Thompson
273,tt0295661,nm0469063,Fatmir Koçi
274,tt0295736,nm0648902,Fabien Onteniente
275,tt1503096,nm0648902,Fabien Onteniente
276,tt2055790,nm0648902,Fabien Onteniente
277,tt4979860,nm0648902,Fabien Onteniente
278,tt8129966,nm0648902,Fabien Onteniente
279,tt0296571,nm1062000,Jérôme Bonnell
280,tt14039392,nm1062000,Jérôme Bonnell
281,tt3817962,nm1062000,Jérôme Bonnell
282,tt0296625,nm0084619,Didier Bivel
283,tt0296686,nm1095625,Ivan Calbérac
284,tt14504294,nm1095625,Ivan Calbérac
285,tt4948452,nm1095625,Ivan Calbérac
286,tt8655574,nm1095625,Ivan Calbérac
287,tt0296775,nm0609741,Luc Moullet
288,tt0487490,nm0609741,Luc Moullet
289,tt0297314,nm1059618,Didier Tronchet
290,tt0299556,nm1077275,Julien Magnat
291,tt0299594,nm0106924,Catherine Breillat
292,tt0304678,nm0106924,Catherine Breillat
293,tt0304417,nm0346823,Valérie Guignabodet
294,tt0388242,nm0346823,Valérie Guignabodet
295,tt1520863,nm0346823,Valérie Guignabodet
296,tt0304601,nm0347473,Eric Guirado
297,tt0306040,nm0081661,Jean-Claude Biette
298,tt0306174,nm0893107,Eric Veniard
299,tt0309577,nm0009414,Moussa Sene Absa
300,tt0309872,nm0133899,Guillaume Canet
301,tt11210390,nm0133899,Guillaume Canet
302,tt0310778,nm0710919,Jean-Paul Rappeneau
303,tt3613648,nm0710919,Jean-Paul Rappeneau
304,tt0311641,nm0686927,Patricia Plattner
305,tt0314012,nm0508357,Blanca Li
306,tt0315152,nm0084580,Gérard Bitton
307,tt0464059,nm0084580,Gérard Bitton
308,tt1314240,nm0084580,Gérard Bitton
309,tt9372116,nm0084580,Gérard Bitton
310,tt0315152,nm0613351,Michel Munz
311,tt0464059,nm0613351,Michel Munz
312,tt1314240,nm0613351,Michel Munz
313,tt9372116,nm0613351,Michel Munz
314,tt0316954,nm0656584,Luc Pagès
315,tt0318032,nm0619882,Charles Najman
316,tt0318116,nm0758242,Ghassan Salhab
317,tt0318780,nm0222545,Michel Deville
318,tt0429200,nm0222545,Michel Deville
319,tt0320693,nm0332647,Romain Goupil
320,tt3533592,nm0332647,Romain Goupil
321,tt0321440,nm0657929,Francis Palluau
322,tt0322999,nm0415148,Guy Jacques
323,tt0325030,nm0116254,Valeria Bruni Tedeschi
324,tt0815092,nm0116254,Valeria Bruni Tedeschi
325,tt2234543,nm0116254,Valeria Bruni Tedeschi
326,tt0327259,nm0439748,Sam Karmann
327,tt0881343,nm0439748,Sam Karmann
328,tt0328890,nm0244967,Claude Duty
329,tt2251798,nm0244967,Claude Duty
330,tt0328955,nm0021577,Merzak Allouache
331,tt0402043,nm0021577,Merzak Allouache
332,tt0328990,nm0001901,Chantal Akerman
333,tt0329485,nm0003974,Philippe Muyl
334,tt0330080,nm0837661,Steve Suissa
335,tt0336432,nm0427136,Pierre Jolivet
336,tt0488565,nm0427136,Pierre Jolivet
337,tt1156170,nm0427136,Pierre Jolivet
338,tt9112776,nm0427136,Pierre Jolivet
339,tt0338135,nm0000780,Denys Arcand
340,tt0819953,nm0000780,Denys Arcand
341,tt0338828,nm0489309,Éric Lartigau
342,tt0444519,nm0489309,Éric Lartigau
343,tt0478724,nm0489309,Éric Lartigau
344,tt15783304,nm0489309,Éric Lartigau
345,tt2087850,nm0489309,Éric Lartigau
346,tt3547740,nm0489309,Éric Lartigau
347,tt9828918,nm0489309,Éric Lartigau
348,tt0338977,nm0444244,Abdellatif Kechiche
349,tt0339028,nm0551217,Tonie Marshall
350,tt2978426,nm0551217,Tonie Marshall
351,tt0339279,nm0490702,Chantal Lauby
352,tt0339323,nm0165448,Stéphane Clavier
353,tt0340181,nm0996471,Samuel Benchetrit
354,tt0827713,nm0996471,Samuel Benchetrit
355,tt10965976,nm0996471,Samuel Benchetrit
356,tt1642191,nm0996471,Samuel Benchetrit
357,tt4357368,nm0996471,Samuel Benchetrit
358,tt6147954,nm0996471,Samuel Benchetrit
359,tt0343426,nm1096212,François Desagnat
360,tt0386695,nm1096212,François Desagnat
361,tt1075111,nm1096212,François Desagnat
362,tt11557872,nm1096212,François Desagnat
363,tt3433668,nm1096212,François Desagnat
364,tt4857596,nm1096212,François Desagnat
365,tt7419278,nm1096212,François Desagnat
366,tt0343426,nm1288611,Thomas Sorriaux
367,tt0386695,nm1288611,Thomas Sorriaux
368,tt1075111,nm1288611,Thomas Sorriaux
369,tt4676238,nm1288611,Thomas Sorriaux
370,tt0343524,nm0749914,Raúl Ruiz
371,tt0973844,nm0749914,Raúl Ruiz
372,tt0344604,nm0759270,Pierre Salvadori
373,tt0482088,nm0759270,Pierre Salvadori
374,tt12416794,nm0759270,Pierre Salvadori
375,tt1529569,nm0759270,Pierre Salvadori
376,tt2593224,nm0759270,Pierre Salvadori
377,tt7534068,nm0759270,Pierre Salvadori
378,tt0347056,nm0214000,Bob Decout
379,tt0347678,nm0169245,Benoît Cohen
380,tt0765142,nm0169245,Benoît Cohen
381,tt2914386,nm0169245,Benoît Cohen
382,tt0348572,nm0494355,Philippe Le Guay
383,tt0465177,nm0494355,Philippe Le Guay
384,tt1805297,nm0494355,Philippe Le Guay
385,tt2207050,nm0494355,Philippe Le Guay
386,tt4163636,nm0494355,Philippe Le Guay
387,tt6923840,nm0494355,Philippe Le Guay
388,tt0348841,nm0476123,Diane Kurys
389,tt0455078,nm0476123,Diane Kurys
390,tt4505118,nm0476123,Diane Kurys
391,tt7576426,nm0476123,Diane Kurys
392,tt0349225,nm0261181,Marc Esposito
393,tt0887887,nm0261181,Marc Esposito
394,tt1688070,nm0261181,Marc Esposito
395,tt2848734,nm0261181,Marc Esposito
396,tt0351369,nm0102516,Serge Bozon
397,tt14590650,nm0102516,Serge Bozon
398,tt2403981,nm0102516,Serge Bozon
399,tt5338644,nm0102516,Serge Bozon
400,tt0351795,nm0956022,Claude Zidi
401,tt0352376,nm0660707,Gilles Paquet-Brenner
402,tt0864779,nm0660707,Gilles Paquet-Brenner
403,tt14142950,nm0660707,Gilles Paquet-Brenner
404,tt0354836,nm1011749,Yann Moix
405,tt0354855,nm0099378,Michel Boujenah
406,tt0864684,nm0099378,Michel Boujenah
407,tt5124082,nm0099378,Michel Boujenah
408,tt0354899,nm0327273,Michel Gondry
409,tt15732890,nm0327273,Michel Gondry
410,tt3882000,nm0327273,Michel Gondry
411,tt0354953,nm1329170,Martin Valente
412,tt1744857,nm1329170,Martin Valente
413,tt0356317,nm0904274,Stéphane Vuillet
414,tt0356999,nm0720297,Alain Resnais
415,tt1690389,nm0720297,Alain Resnais
416,tt2751390,nm0720297,Alain Resnais
417,tt0362084,nm0688489,Didier Poiraud
418,tt0362084,nm0688490,Thierry Poiraud
419,tt0363144,nm0679925,Christian Philibert
420,tt0364109,nm0609981,Emmanuel Mouret
421,tt0759509,nm0609981,Emmanuel Mouret
422,tt0920473,nm0609981,Emmanuel Mouret
423,tt1361541,nm0609981,Emmanuel Mouret
424,tt14831708,nm0609981,Emmanuel Mouret
425,tt1700467,nm0609981,Emmanuel Mouret
426,tt2700582,nm0609981,Emmanuel Mouret
427,tt0364517,nm1077168,Yann Samuell
428,tt1594503,nm1077168,Yann Samuell
429,tt4463248,nm1077168,Yann Samuell
430,tt0368566,nm0658836,Hervé Palud
431,tt0368668,nm0372072,Philippe Haïm
432,tt0371342,nm0006620,Jean-Pierre Mocky
433,tt0424510,nm0006620,Jean-Pierre Mocky
434,tt0813531,nm0006620,Jean-Pierre Mocky
435,tt10372626,nm0006620,Jean-Pierre Mocky
436,tt2175747,nm0006620,Jean-Pierre Mocky
437,tt4948854,nm0006620,Jean-Pierre Mocky
438,tt0371552,nm0280745,Stefan Fjeldmark
439,tt0371552,nm0597026,Jesper Møller
440,tt0371907,nm0126878,Laurent Bénégui
441,tt0374627,nm0000091,Gérard Pirès
442,tt0374764,nm1415190,Alexandre Castagnetti
443,tt21956512,nm1415190,Alexandre Castagnetti
444,tt2298384,nm1415190,Alexandre Castagnetti
445,tt5197068,nm1415190,Alexandre Castagnetti
446,tt7023354,nm1415190,Alexandre Castagnetti
447,tt7533422,nm1415190,Alexandre Castagnetti
448,tt0374764,nm1415953,Corentin Julius
449,tt0375040,nm0041474,Frédéric Auburtin
450,tt0401711,nm0041474,Frédéric Auburtin
451,tt1194610,nm0041474,Frédéric Auburtin
452,tt0376492,nm0024888,Jean-François Amiguet
453,tt0376961,nm0610182,Jean-Marc Moutout
454,tt0377087,nm0597970,Nadine Monfils
455,tt0378898,nm0003029,Isabelle Broué
456,tt0381077,nm0058713,Maurice Barthélémy
457,tt1717158,nm0058713,Maurice Barthélémy
458,tt2597216,nm0058713,Maurice Barthélémy
459,tt6947294,nm0058713,Maurice Barthélémy
460,tt0383025,nm1016687,Laurent Tirard
461,tt0796335,nm1016687,Laurent Tirard
462,tt12105554,nm1016687,Laurent Tirard
463,tt1264904,nm1016687,Laurent Tirard
464,tt15271654,nm1016687,Laurent Tirard
465,tt1597522,nm1016687,Laurent Tirard
466,tt3019796,nm1016687,Laurent Tirard
467,tt4699388,nm1016687,Laurent Tirard
468,tt7064498,nm1016687,Laurent Tirard
469,tt0383995,nm0046494,Laurent Baffie
470,tt0385524,nm0154707,Marie-Anne Chazel
471,tt0386695,nm4767266,Steven Ada
472,tt0386858,nm1481060,Léa Fazer
473,tt1003027,nm1481060,Léa Fazer
474,tt2063876,nm1481060,Léa Fazer
475,tt3476480,nm1481060,Léa Fazer
476,tt0388351,nm0506518,Lorraine Lévy
477,tt6515342,nm0506518,Lorraine Lévy
478,tt0388559,nm0891580,Paul Vecchiali
479,tt0473911,nm0891580,Paul Vecchiali
480,tt0389225,nm0841456,Bob Swaim
481,tt0391395,nm0849609,Alain Tanner
482,tt0395553,nm0500988,Claude Lelouch
483,tt0973844,nm0500988,Claude Lelouch
484,tt10356734,nm0500988,Claude Lelouch
485,tt1918911,nm0500988,Claude Lelouch
486,tt5825150,nm0500988,Claude Lelouch
487,tt0397692,nm0747690,Brigitte Roüan
488,tt2607692,nm0747690,Brigitte Roüan
489,tt0399222,nm0619923,Olivier Nakache
490,tt0478566,nm0619923,Olivier Nakache
491,tt1404082,nm0619923,Olivier Nakache
492,tt1675434,nm0619923,Olivier Nakache
493,tt21352380,nm0619923,Olivier Nakache
494,tt3399024,nm0619923,Olivier Nakache
495,tt5699154,nm0619923,Olivier Nakache
496,tt8655470,nm0619923,Olivier Nakache
497,tt0399222,nm0865918,Éric Toledano
498,tt0478566,nm0865918,Éric Toledano
499,tt1404082,nm0865918,Éric Toledano
500,tt1675434,nm0865918,Éric Toledano
501,tt21352380,nm0865918,Éric Toledano
502,tt3399024,nm0865918,Éric Toledano
503,tt5699154,nm0865918,Éric Toledano
504,tt8655470,nm0865918,Éric Toledano
505,tt0399497,nm0404080,Gérald Hustache-Mathieu
506,tt1736636,nm0404080,Gérald Hustache-Mathieu
507,tt0400150,nm1147848,Frédéric Berthe
508,tt1092020,nm1147848,Frédéric Berthe
509,tt1345507,nm1147848,Frédéric Berthe
510,tt1730697,nm1147848,Frédéric Berthe
511,tt2207090,nm1147848,Frédéric Berthe
512,tt0401711,nm0000801,Olivier Assayas
513,tt0973844,nm0000801,Olivier Assayas
514,tt7250056,nm0000801,Olivier Assayas
515,tt0401711,nm0149446,Gurinder Chadha
516,tt0401711,nm0001053,Ethan Coen
517,tt0973844,nm0001053,Ethan Coen
518,tt0401711,nm0001054,Joel Coen
519,tt0973844,nm0001054,Joel Coen
520,tt0401711,nm0170043,Isabel Coixet
521,tt0401711,nm0000127,Wes Craven
522,tt0401711,nm0190859,Alfonso Cuarón
523,tt0401711,nm0000367,Gérard Depardieu
524,tt0401711,nm0236313,Christopher Doyle
525,tt0401711,nm0481418,Richard LaGravenese
526,tt0401711,nm0622112,Vincenzo Natali
527,tt0401711,nm0668247,Alexander Payne
528,tt0401711,nm0758574,Walter Salles
529,tt0973844,nm0758574,Walter Salles
530,tt0401711,nm0005628,Oliver Schmitz
531,tt0401711,nm0840485,Nobuhiro Suwa
532,tt0401711,nm0858680,Daniela Thomas
533,tt0401711,nm0878756,Tom Tykwer
534,tt0401711,nm0001814,Gus Van Sant
535,tt0973844,nm0001814,Gus Van Sant
536,tt0402547,nm0886789,Bertrand Van Effenterre
537,tt0407251,nm0485016,Franck Landron
538,tt0408203,nm1632162,Guillaume Pixie
539,tt0408927,nm1600822,Bernard Jeanjean
540,tt1715881,nm1600822,Bernard Jeanjean
541,tt0409937,nm0494103,Yvan Le Bolloc'h
542,tt0409937,nm0813219,Bruno Solo
543,tt0410549,nm0603446,Yolande Moreau
544,tt21372098,nm0603446,Yolande Moreau
545,tt0410549,nm0691953,Gilles Porte
546,tt0410639,nm1464507,Alexandra Leclère
547,tt0814768,nm1464507,Alexandra Leclère
548,tt13271264,nm1464507,Alexandra Leclère
549,tt1659611,nm1464507,Alexandra Leclère
550,tt2357201,nm1464507,Alexandra Leclère
551,tt7217028,nm1464507,Alexandra Leclère
552,tt0412422,nm0207640,Vincent De Brus
553,tt0450615,nm0207640,Vincent De Brus
554,tt0412535,nm0404485,James Huth
555,tt10537978,nm0404485,James Huth
556,tt1235536,nm0404485,James Huth
557,tt13361648,nm0404485,James Huth
558,tt1872880,nm0404485,James Huth
559,tt5029602,nm0404485,James Huth
560,tt0415147,nm0550071,Laïla Marrakchi
561,tt2524568,nm0550071,Laïla Marrakchi
562,tt0416071,nm0423645,Arthur Joffé
563,tt0416333,nm0046347,Edouard Baer
564,tt13492256,nm0046347,Edouard Baer
565,tt5252396,nm0046347,Edouard Baer
566,tt0419766,nm0047049,Lionel Baier
567,tt2411112,nm0047049,Lionel Baier
568,tt8923444,nm0047049,Lionel Baier
569,tt0422015,nm0002020,Costa-Gavras
570,tt0423444,nm0139096,Didier Caron
571,tt0423814,nm0154385,Philippe de Chauveron
572,tt10405142,nm0154385,Philippe de Chauveron
573,tt1810864,nm0154385,Philippe de Chauveron
574,tt2011961,nm0154385,Philippe de Chauveron
575,tt2800240,nm0154385,Philippe de Chauveron
576,tt5597946,nm0154385,Philippe de Chauveron
577,tt5804948,nm0154385,Philippe de Chauveron
578,tt6556670,nm0154385,Philippe de Chauveron
579,tt0423841,nm0083228,Jeanne Biras
580,tt0424338,nm0501256,Valérie Lemercier
581,tt2319018,nm0501256,Valérie Lemercier
582,tt6081632,nm0501256,Valérie Lemercier
583,tt0426266,nm0378730,Bruno Herbulot
584,tt0428287,nm0952467,Alain Zaloum
585,tt0428476,nm0652404,Marie-Pascale Osterrieth
586,tt0428489,nm1428145,Edmond Bensimon
587,tt0429203,nm0710830,Bernard Rapp
588,tt0429230,nm1333798,Mabrouk El Mechri
589,tt1130988,nm1333798,Mabrouk El Mechri
590,tt0431654,nm0221331,Guy Deslauriers
591,tt0431764,nm1542818,Benoît Pétré
592,tt1566948,nm1542818,Benoît Pétré
593,tt0431764,nm1764292,Deborah Saïag
594,tt0431764,nm1112145,Mika Tard
595,tt0431764,nm1106618,Isabelle Vitari
596,tt0431827,nm0163011,Eric Civanyan
597,tt0864751,nm0163011,Eric Civanyan
598,tt0433020,nm0994358,Julie Lipinski
599,tt0435794,nm0954786,Mahmoud Zemmouri
600,tt0436546,nm1462495,Rémi Bezançon
601,tt10152488,nm1462495,Rémi Bezançon
602,tt1987018,nm1462495,Rémi Bezançon
603,tt3902310,nm1462495,Rémi Bezançon
604,tt8263936,nm1462495,Rémi Bezançon
605,tt0436873,nm0612204,Michel Muller
606,tt2205517,nm0612204,Michel Muller
607,tt0442207,nm0243355,Albert Dupontel
608,tt10196398,nm0243355,Albert Dupontel
609,tt1194242,nm0243355,Albert Dupontel
610,tt2853614,nm0243355,Albert Dupontel
611,tt5258850,nm0243355,Albert Dupontel
612,tt0445570,nm0859323,Pascal Thomas
613,tt0490954,nm0859323,Pascal Thomas
614,tt0889606,nm0859323,Pascal Thomas
615,tt1206478,nm0859323,Pascal Thomas
616,tt1466569,nm0859323,Pascal Thomas
617,tt2175565,nm0859323,Pascal Thomas
618,tt8903294,nm0859323,Pascal Thomas
619,tt0445800,nm0496312,Patrice Leconte
620,tt0778784,nm0496312,Patrice Leconte
621,tt1196329,nm0496312,Patrice Leconte
622,tt1655413,nm0496312,Patrice Leconte
623,tt1784720,nm0496312,Patrice Leconte
624,tt3667648,nm0496312,Patrice Leconte
625,tt8802706,nm0496312,Patrice Leconte
626,tt0448245,nm0898603,Christian Vincent
627,tt2094877,nm0898603,Christian Vincent
628,tt4216908,nm0898603,Christian Vincent
629,tt0450586,nm10535179,Christine Laurent
630,tt0450664,nm0580698,Isabelle Mergault
631,tt1024899,nm0580698,Isabelle Mergault
632,tt1473142,nm0580698,Isabelle Mergault
633,tt0450784,nm0322479,Delphine Gleize
634,tt0450843,nm1320966,Kim Chapiron
635,tt2536428,nm1320966,Kim Chapiron
636,tt0456070,nm0789347,Raffy Shart
637,tt0456123,nm1196794,Olivier Van Hoofstadt
638,tt0459412,nm0078416,Renaud Bertrand
639,tt0459502,nm0994562,Olivier Peyon
640,tt0459668,nm0757954,Hiner Saleem
641,tt0460342,nm1065892,Julie Lopes-Curval
642,tt0460858,nm0200702,Dany Boon
643,tt1064932,nm0200702,Dany Boon
644,tt1528313,nm0200702,Dany Boon
645,tt26660615,nm0200702,Dany Boon
646,tt3421514,nm0200702,Dany Boon
647,tt5736696,nm0200702,Dany Boon
648,tt6859418,nm0200702,Dany Boon
649,tt0460996,nm0285471,André Forcier
650,tt0463352,nm3298144,Bruno Lavaine
651,tt2320274,nm3298144,Bruno Lavaine
652,tt0463352,nm3299329,Nicolas Charlet
653,tt2320274,nm3299329,Nicolas Charlet
654,tt0463872,nm0486627,Thomas Langmann
655,tt2166143,nm0486627,Thomas Langmann
656,tt5254154,nm0486627,Thomas Langmann
657,tt0464793,nm1183062,Stefan Liberski
658,tt3877718,nm1183062,Stefan Liberski
659,tt0464913,nm0371890,Michel Hazanavicius
660,tt1167660,nm0371890,Michel Hazanavicius
661,tt14317880,nm0371890,Michel Hazanavicius
662,tt1655442,nm0371890,Michel Hazanavicius
663,tt2087850,nm0371890,Michel Hazanavicius
664,tt5687334,nm0371890,Michel Hazanavicius
665,tt8335482,nm0371890,Michel Hazanavicius
666,tt0469055,nm0018132,Lisa Azuelos
667,tt1194616,nm0018132,Lisa Azuelos
668,tt7682382,nm0018132,Lisa Azuelos
669,tt0472542,nm0111379,Jean-Stéphane Bron
670,tt0473753,nm0000108,Luc Besson
671,tt1179025,nm0000108,Luc Besson
672,tt0473910,nm0553237,Pierre-François Martin-Laval
673,tt1337152,nm0553237,Pierre-François Martin-Laval
674,tt21331016,nm0553237,Pierre-François Martin-Laval
675,tt2276778,nm0553237,Pierre-François Martin-Laval
676,tt3713944,nm0553237,Pierre-François Martin-Laval
677,tt4693588,nm0553237,Pierre-François Martin-Laval
678,tt6995612,nm0553237,Pierre-François Martin-Laval
679,tt0474476,nm0733886,Eric Rochant
680,tt0477988,nm0876146,Laurent Tuel
681,tt2849498,nm0876146,Laurent Tuel
682,tt0478558,nm0218022,Benoît Delépine
683,tt10627352,nm0218022,Benoît Delépine
684,tt1132594,nm0218022,Benoît Delépine
685,tt1473074,nm0218022,Benoît Delépine
686,tt16491386,nm0218022,Benoît Delépine
687,tt2008562,nm0218022,Benoît Delépine
688,tt3800012,nm0218022,Benoît Delépine
689,tt4589186,nm0218022,Benoît Delépine
690,tt7205630,nm0218022,Benoît Delépine
691,tt0478558,nm1086956,Gustave Kervern
692,tt10627352,nm1086956,Gustave Kervern
693,tt1132594,nm1086956,Gustave Kervern
694,tt1473074,nm1086956,Gustave Kervern
695,tt16491386,nm1086956,Gustave Kervern
696,tt2008562,nm1086956,Gustave Kervern
697,tt3800012,nm1086956,Gustave Kervern
698,tt4589186,nm1086956,Gustave Kervern
699,tt7205630,nm1086956,Gustave Kervern
700,tt0486084,nm0876942,Charlotte de Turckheim
701,tt14017174,nm0876942,Charlotte de Turckheim
702,tt2210823,nm0876942,Charlotte de Turckheim
703,tt4161632,nm0876942,Charlotte de Turckheim
704,tt0486497,nm0411556,Aline Issermann
705,tt0486636,nm0773418,Eric-Emmanuel Schmitt
706,tt0487469,nm0284774,Anne Fontaine
707,tt1139800,nm0284774,Anne Fontaine
708,tt13558724,nm0284774,Anne Fontaine
709,tt1718835,nm0284774,Anne Fontaine
710,tt2788556,nm0284774,Anne Fontaine
711,tt8054066,nm0284774,Anne Fontaine
712,tt0487505,nm0190866,Emmanuelle Cuau
713,tt0492330,nm0491708,Eric Lavaine
714,tt1315883,nm0491708,Eric Lavaine
715,tt1322354,nm0491708,Eric Lavaine
716,tt1890377,nm0491708,Eric Lavaine
717,tt20511498,nm0491708,Eric Lavaine
718,tt3202120,nm0491708,Eric Lavaine
719,tt5115024,nm0491708,Eric Lavaine
720,tt6445396,nm0491708,Eric Lavaine
721,tt8538552,nm0491708,Eric Lavaine
722,tt9665786,nm0491708,Eric Lavaine
723,tt0494240,nm1141181,Matthieu Delaporte
724,tt2179121,nm1141181,Matthieu Delaporte
725,tt9284430,nm1141181,Matthieu Delaporte
726,tt0498116,nm1257087,Yves Fajnberg
727,tt0498118,nm0954704,Roschdy Zem
728,tt0772906,nm1304069,Alessandro Avellis
729,tt0774756,nm0004380,Antoine de Caunes
730,tt1174034,nm0004380,Antoine de Caunes
731,tt0792975,nm0099324,Laurent Bouhnik
732,tt0792984,nm0349071,Hervé Pierre-Gustave
733,tt0792992,nm0419829,Olivier Jean-Marie
734,tt3032300,nm0419829,Olivier Jean-Marie
735,tt0798417,nm0747377,Michel Royer
736,tt0798417,nm0955103,Karl Zéro
737,tt1405401,nm0955103,Karl Zéro
738,tt0798820,nm0582841,Jean-Henri Meunier
739,tt0808230,nm0169300,Daniel Cohen
740,tt1911553,nm0169300,Daniel Cohen
741,tt0810809,nm0265852,Philippe Falardeau
742,tt0814654,nm0233393,Olivier Doran
743,tt1473389,nm0233393,Olivier Doran
744,tt2493728,nm0233393,Olivier Doran
745,tt0814691,nm0094726,Pascal Bonitzer
746,tt1906347,nm0094726,Pascal Bonitzer
747,tt4494706,nm0094726,Pascal Bonitzer
748,tt0823240,nm0006445,Éric Rohmer
749,tt0852970,nm0268753,Anne Fassio
750,tt0864691,nm0527852,Noémie Lvovsky
751,tt17040210,nm0527852,Noémie Lvovsky
752,tt2253939,nm0527852,Noémie Lvovsky
753,tt0864779,nm1311302,Cyril Sebas
754,tt1405807,nm1311302,Cyril Sebas
755,tt0870921,nm0000269,Jean-Jacques Annaud
756,tt0875113,nm0468007,Jan Kounen
757,tt10023150,nm0468007,Jan Kounen
758,tt2087850,nm0468007,Jan Kounen
759,tt0887901,nm0214621,Bruno Dega
760,tt0889665,nm1189197,Quentin Dupieux
761,tt10375106,nm1189197,Quentin Dupieux
762,tt13145534,nm1189197,Quentin Dupieux
763,tt15471560,nm1189197,Quentin Dupieux
764,tt2392672,nm1189197,Quentin Dupieux
765,tt7156222,nm1189197,Quentin Dupieux
766,tt8193790,nm1189197,Quentin Dupieux
767,tt0910911,nm1164782,Marc Gibaja
768,tt0922366,nm0681617,Picha
769,tt0961097,nm0074426,Bibo Bergeron
770,tt0973844,nm0000766,Theodoros Angelopoulos
771,tt0973844,nm0000806,Bille August
772,tt0973844,nm0001005,Jane Campion
773,tt0973844,nm0149631,Youssef Chahine
774,tt0973844,nm0155280,Kaige Chen
775,tt0973844,nm0001047,Michael Cimino
776,tt0973844,nm0000343,David Cronenberg
777,tt0973844,nm0201094,Jean-Pierre Dardenne
778,tt0973844,nm0201095,Luc Dardenne
779,tt0973844,nm0220019,Raymond Depardon
780,tt0973844,nm0000382,Atom Egoyan
781,tt0973844,nm0321159,Amos Gitai
782,tt0973844,nm0396284,Hsiao-Hsien Hou
783,tt0973844,nm0327944,Alejandro G. Iñárritu
784,tt0973844,nm0442454,Aki Kaurismäki
785,tt1508675,nm0442454,Aki Kaurismäki
786,tt0973844,nm0452102,Abbas Kiarostami
787,tt0973844,nm0001429,Takeshi Kitano
788,tt0973844,nm0464846,Andrey Konchalovskiy
789,tt0973844,nm0516360,Ken Loach
790,tt0973844,nm0000186,David Lynch
791,tt0973844,nm0158857,Tsai Ming-liang
792,tt0973844,nm0604335,Nanni Moretti
793,tt0973844,nm0000591,Roman Polanski
794,tt0973844,nm0837839,Elia Suleiman
795,tt0973844,nm0001885,Lars von Trier
796,tt0973844,nm0000694,Wim Wenders
797,tt0973844,nm0939182,Kar-Wai Wong
798,tt0973844,nm0955443,Yimou Zhang
799,tt0977647,nm0147544,Idit Cebula
800,tt2391746,nm0147544,Idit Cebula
801,tt0985107,nm1440861,Romuald Beugnon
802,tt0991272,nm2345939,Marco Carmel
803,tt1000091,nm0226303,Vincent Dietschy
804,tt1002966,nm0078704,Éric Besnard
805,tt10738536,nm0078704,Éric Besnard
806,tt2104062,nm0078704,Éric Besnard
807,tt25971180,nm0078704,Éric Besnard
808,tt4084056,nm0078704,Éric Besnard
809,tt8699286,nm0078704,Éric Besnard
810,tt10115562,nm0393394,Christophe Honoré
811,tt1263778,nm0393394,Christophe Honoré
812,tt4428740,nm0393394,Christophe Honoré
813,tt10143114,nm1988254,Stéphane Ben Lahcene
814,tt10143308,nm4193380,Mélissa Drigeard
815,tt14956076,nm4193380,Mélissa Drigeard
816,tt2912974,nm4193380,Mélissa Drigeard
817,tt10183616,nm2254779,Benoît Forgeard
818,tt2279245,nm2254779,Benoît Forgeard
819,tt3431786,nm2254779,Benoît Forgeard
820,tt10223546,nm2082567,Hafsia Herzi
821,tt10228204,nm4870005,Erwan Le Duc
822,tt26256216,nm4870005,Erwan Le Duc
823,tt10233406,nm0099797,Pascal Bourdiaux
824,tt1437361,nm0099797,Pascal Bourdiaux
825,tt2836252,nm0099797,Pascal Bourdiaux
826,tt5286268,nm0099797,Pascal Bourdiaux
827,tt5980746,nm0099797,Pascal Bourdiaux
828,tt1024896,nm0057842,Olivier Baroux
829,tt12847352,nm0057842,Olivier Baroux
830,tt1612608,nm0057842,Olivier Baroux
831,tt1793931,nm0057842,Olivier Baroux
832,tt2342207,nm0057842,Olivier Baroux
833,tt3985434,nm0057842,Olivier Baroux
834,tt4246850,nm0057842,Olivier Baroux
835,tt4926538,nm0057842,Olivier Baroux
836,tt7066382,nm0057842,Olivier Baroux
837,tt8163224,nm0057842,Olivier Baroux
838,tt10251538,nm0076307,Ludovic Bernard
839,tt16983432,nm0076307,Ludovic Bernard
840,tt5157682,nm0076307,Ludovic Bernard
841,tt5993456,nm0076307,Ludovic Bernard
842,tt10290244,nm5904533,Amandine Fredon
843,tt10290244,nm1928263,Benjamin Massoubre
844,tt10341040,nm1361017,Samuel Tourneux
845,tt10345590,nm2537631,Douglas Attal
846,tt1035729,nm0494069,Maïwenn
847,tt10366254,nm5339583,Hugo Benamozig
848,tt10366254,nm10709088,David Caviglioli
849,tt10366428,nm0070899,Jean-Patrick Benes
850,tt1132608,nm0070899,Jean-Patrick Benes
851,tt10369344,nm1764568,Pierre Coré
852,tt4466894,nm1764568,Pierre Coré
853,tt10375632,nm0180404,Clovis Cornillac
854,tt4466936,nm0180404,Clovis Cornillac
855,tt10384908,nm1715466,Sébastien Betbeder
856,tt20413946,nm1715466,Sébastien Betbeder
857,tt2871116,nm1715466,Sébastien Betbeder
858,tt4428774,nm1715466,Sébastien Betbeder
859,tt4641248,nm1715466,Sébastien Betbeder
860,tt8649636,nm1715466,Sébastien Betbeder
861,tt10392128,nm1255755,Benjamin Euvrard
862,tt10407272,nm0458251,Cédric Klapisch
863,tt13531468,nm0458251,Cédric Klapisch
864,tt1641624,nm0458251,Cédric Klapisch
865,tt1937118,nm0458251,Cédric Klapisch
866,tt5247704,nm0458251,Cédric Klapisch
867,tt10426916,nm4840194,Jean-Pascal Zadi
868,tt10426916,nm2986419,John Wax
869,tt1043852,nm1827617,Emmanuel Klotz
870,tt2638096,nm1827617,Emmanuel Klotz
871,tt1043852,nm2076645,Albert Pereira-Lazaro
872,tt2638096,nm2076645,Albert Pereira-Lazaro
873,tt10469804,nm6916808,Ludovic Boukherma
874,tt14962428,nm6916808,Ludovic Boukherma
875,tt5698748,nm6916808,Ludovic Boukherma
876,tt10469804,nm6817501,Zoran Boukherma
877,tt14962428,nm6817501,Zoran Boukherma
878,tt5698748,nm6817501,Zoran Boukherma
879,tt10489382,nm0209629,Louis-Do de Lencquesaing
880,tt2399501,nm0209629,Louis-Do de Lencquesaing
881,tt10492618,nm1211787,Rodolphe Lauga
882,tt3202408,nm1211787,Rodolphe Lauga
883,tt10515720,nm1534640,Nicolas Vanier
884,tt6330246,nm1534640,Nicolas Vanier
885,tt10533078,nm1995246,Géraldine Nakache
886,tt1587877,nm1995246,Géraldine Nakache
887,tt2094898,nm1995246,Géraldine Nakache
888,tt10537660,nm1318381,Nicolas Benamou
889,tt1753673,nm1318381,Nicolas Benamou
890,tt3013602,nm1318381,Nicolas Benamou
891,tt4400058,nm1318381,Nicolas Benamou
892,tt4993964,nm1318381,Nicolas Benamou
893,tt10547442,nm3258082,Pascal Rabaté
894,tt1754946,nm3258082,Pascal Rabaté
895,tt3164166,nm3258082,Pascal Rabaté
896,tt10551904,nm0480850,Laurent Lafitte
897,tt10556220,nm0486188,Rémi Lange
898,tt10557524,nm4595176,Kheiron
899,tt4057632,nm4595176,Kheiron
900,tt6708116,nm4595176,Kheiron
901,tt1056434,nm0848530,Hany Tamba
902,tt10590506,nm0025534,Jean-Pierre Améris
903,tt14793714,nm0025534,Jean-Pierre Améris
904,tt1565958,nm0025534,Jean-Pierre Améris
905,tt25969960,nm0025534,Jean-Pierre Améris
906,tt3811986,nm0025534,Jean-Pierre Améris
907,tt6811992,nm0025534,Jean-Pierre Améris
908,tt10638582,nm2015017,Noémie Saglio
909,tt4255626,nm2015017,Noémie Saglio
910,tt4466362,nm2015017,Noémie Saglio
911,tt5975354,nm2015017,Noémie Saglio
912,tt1064951,nm0478322,Jérôme L'hotsky
913,tt1064976,nm0002178,Alexandre Arcady
914,tt10658928,nm0783879,Elie Semoun
915,tt19722066,nm0783879,Elie Semoun
916,tt1068676,nm0002611,Claus Drexel
917,tt10715194,nm4469041,Rémy Four
918,tt10715194,nm4469012,Julien War
919,tt1073671,nm0029268,Frédéric Andréi
920,tt10746876,nm1155314,Philippe Guillard
921,tt13134894,nm1155314,Philippe Guillard
922,tt1548603,nm1155314,Philippe Guillard
923,tt27128451,nm1155314,Philippe Guillard
924,tt3896710,nm1155314,Philippe Guillard
925,tt1075115,nm0617609,Robert Ménard
926,tt1077097,nm0066080,Ramzy Bedia
927,tt5058358,nm0066080,Ramzy Bedia
928,tt1077097,nm0431956,Eric Judor
929,tt4515544,nm0431956,Eric Judor
930,tt5796516,nm0431956,Eric Judor
931,tt1082051,nm0722980,Jean-Michel Ribes
932,tt3242352,nm0722980,Jean-Michel Ribes
933,tt1087851,nm1738978,Anna Novion
934,tt1087896,nm2754444,Stephen Cafiero
935,tt1087896,nm2756735,Vincent Lobelle
936,tt6556552,nm2756735,Vincent Lobelle
937,tt1093352,nm1202716,Vincent Garenq
938,tt10940736,nm1377207,Santiago Mitre
939,tt10945232,nm0199047,Audrey Dana
940,tt3098306,nm0199047,Audrey Dana
941,tt5598172,nm0199047,Audrey Dana
942,tt10945254,nm2037326,Frank Cimière
943,tt1094668,nm2761475,Jennifer Devoldère
944,tt15568526,nm2761475,Jennifer Devoldère
945,tt1753792,nm2761475,Jennifer Devoldère
946,tt10965792,nm3838569,Méliane Marcaggi
947,tt11002900,nm6733309,Nine Antico
948,tt11006570,nm1455506,Antonin Peretjatko
949,tt2846972,nm1455506,Antonin Peretjatko
950,tt5115004,nm1455506,Antonin Peretjatko
951,tt11013434,nm0897009,Caroline Vignal
952,tt11013468,nm0488477,Michèle Laroque
953,tt12883472,nm0488477,Michèle Laroque
954,tt6859344,nm0488477,Michèle Laroque
955,tt11013572,nm2808147,Tristan Séguéla
956,tt23740404,nm2808147,Tristan Séguéla
957,tt2947742,nm2808147,Tristan Séguéla
958,tt6286652,nm2808147,Tristan Séguéla
959,tt11068166,nm2145328,Guillaume Brac
960,tt1858582,nm2145328,Guillaume Brac
961,tt2847090,nm2145328,Guillaume Brac
962,tt7162380,nm2145328,Guillaume Brac
963,tt11093134,nm2072440,Nicolas Maury
964,tt11179020,nm3449065,Emmanuel Poulain-Arnaud
965,tt14236348,nm3449065,Emmanuel Poulain-Arnaud
966,tt11190652,nm0683857,Pierre Pinaud
967,tt2118701,nm0683857,Pierre Pinaud
968,tt11206302,nm3851426,Tarek Boudali
969,tt6021478,nm3851426,Tarek Boudali
970,tt11225360,nm0041334,Stéphane Aubier
971,tt1433540,nm0041334,Stéphane Aubier
972,tt1816518,nm0041334,Stéphane Aubier
973,tt11225360,nm4847458,Davy Durand
974,tt11225360,nm0665262,Vincent Patar
975,tt1433540,nm0665262,Vincent Patar
976,tt1816518,nm0665262,Vincent Patar
977,tt1124397,nm0183984,Miguel Courtois
978,tt11281142,nm1843049,Jézabel Marques
979,tt1132608,nm1879912,Allan Mauduit
980,tt8083606,nm1879912,Allan Mauduit
981,tt1134014,nm2842896,Hugo Di Verdura
982,tt1134014,nm2843094,Olivier Rodriguez
983,tt1134801,nm0217033,Michel Delgado
984,tt1135923,nm0480690,Pascal Laëthier
985,tt1149361,nm0000466,Jean-Pierre Jeunet
986,tt11541872,nm0000466,Jean-Pierre Jeunet
987,tt11508096,nm0210206,Antoine de Maximy
988,tt11568322,nm0056725,Christophe Barratier
989,tt13371942,nm0056725,Christophe Barratier
990,tt23831726,nm0056725,Christophe Barratier
991,tt1160022,nm0008442,Dominique Abel
992,tt1922645,nm0008442,Dominique Abel
993,tt2936884,nm0008442,Dominique Abel
994,tt1160022,nm0330185,Fiona Gordon
995,tt1922645,nm0330185,Fiona Gordon
996,tt2936884,nm0330185,Fiona Gordon
997,tt1160022,nm0739787,Bruno Romy
998,tt1922645,nm0739787,Bruno Romy
999,tt11610804,nm4502162,Sylvie Ohayon
1000,tt3227548,nm4502162,Sylvie Ohayon
1001,tt1173683,nm2899524,Delphine Kreuter
1002,tt11748354,nm5046293,Grégory Magne
1003,tt2397487,nm5046293,Grégory Magne
1004,tt1176954,nm0099521,Bouli Lanners
1005,tt5072542,nm0099521,Bouli Lanners
1006,tt1179820,nm2913918,Catherine Castel
1007,tt2577876,nm2913918,Catherine Castel
1008,tt1179836,nm1163751,Hannelore Cayre
1009,tt11832346,nm4214516,Jean-Charles Paugam
1010,tt12071756,nm0239498,Franck Dubosc
1011,tt6838702,nm0239498,Franck Dubosc
1012,tt1213922,nm0172989,Laetitia Colombani
1013,tt1220911,nm0213354,Jamel Debbouze
1014,tt1239285,nm0729626,Jacques Rivette
1015,tt1239462,nm0221022,Jérôme Deschamps
1016,tt1239462,nm1562741,Pascal Hérold
1017,tt1239462,nm1293570,Macha Makeïeff
1018,tt12444440,nm0183686,Emmanuel Courcol
1019,tt1252602,nm0856774,Agathe Teyssier
1020,tt12594018,nm1758311,Mouloud Achour
1021,tt12594018,nm2411864,Dominique Baumard
1022,tt1259591,nm1465130,Safy Nebbou
1023,tt1262877,nm0255362,Gad Elmaleh
1024,tt21956982,nm0255362,Gad Elmaleh
1025,tt12633744,nm9239001,Adeline Picault
1026,tt1264912,nm0205844,Jean-François Davy
1027,tt5849814,nm0205844,Jean-François Davy
1028,tt1266037,nm0304921,Sam Garbarski
1029,tt12698684,nm0747678,Matthieu Rozé
1030,tt12708658,nm0002191,Jacques Audiard
1031,tt12734582,nm3409161,Romuald Boulanger
1032,tt1275590,nm0693903,Pascale Pouzadoux
1033,tt1793929,nm0693903,Pascale Pouzadoux
1034,tt12794950,nm0153499,Yohann Charrin
1035,tt12808182,nm1925637,David Charhon
1036,tt1302555,nm1925637,David Charhon
1037,tt1937133,nm1925637,David Charhon
1038,tt5338174,nm1925637,David Charhon
1039,tt12828136,nm0054318,Patricia Bardon
1040,tt12847022,nm0480768,Gabriel Julien-Laferrière
1041,tt1349856,nm0480768,Gabriel Julien-Laferrière
1042,tt3253750,nm0480768,Gabriel Julien-Laferrière
1043,tt4926822,nm0480768,Gabriel Julien-Laferrière
1044,tt7489740,nm0480768,Gabriel Julien-Laferrière
1045,tt9777790,nm0480768,Gabriel Julien-Laferrière
1046,tt12887770,nm2561940,Fabrice Eboué
1047,tt1821362,nm2561940,Fabrice Eboué
1048,tt2969776,nm2561940,Fabrice Eboué
1049,tt6144762,nm2561940,Fabrice Eboué
1050,tt12970142,nm0825350,Nicolas Steil
1051,tt1305796,nm0779433,Ken Scott
1052,tt1308736,nm1661384,Roger Delattre
1053,tt1310654,nm0758005,Lyès Salem
1054,tt1311075,nm0726954,Eran Riklis
1055,tt13136332,nm1234012,Julien Rambaldi
1056,tt1521874,nm1234012,Julien Rambaldi
1057,tt5555502,nm1234012,Julien Rambaldi
1058,tt9162090,nm1234012,Julien Rambaldi
1059,tt13142240,nm6242100,Charline Bourgeois-Tacquet
1060,tt1314237,nm3176551,Riad Sattouf
1061,tt2382422,nm3176551,Riad Sattouf
1062,tt1318037,nm1162222,Philippe Lefebvre
1063,tt22397870,nm1162222,Philippe Lefebvre
1064,tt1320082,nm0586123,Radu Mihaileanu
1065,tt13274576,nm2627662,Jean-Christophe Meurisse
1066,tt3149578,nm2627662,Jean-Christophe Meurisse
1067,tt5493370,nm2627662,Jean-Christophe Meurisse
1068,tt1327808,nm1810839,Laurent Nègre
1069,tt13303648,nm5567655,Hubert Viel
1070,tt2767378,nm5567655,Hubert Viel
1071,tt3900530,nm5567655,Hubert Viel
1072,tt13322796,nm1211817,Christian Monnier
1073,tt13353386,nm0859985,Christopher Thompson
1074,tt1415255,nm0859985,Christopher Thompson
1075,tt13429654,nm0644393,Christophe Offenstein
1076,tt4576612,nm0644393,Christophe Offenstein
1077,tt13460190,nm2928862,Jonathan Barré
1078,tt26440921,nm2928862,Jonathan Barré
1079,tt5091538,nm2928862,Jonathan Barré
1080,tt1349448,nm0742982,Michèle Rosier
1081,tt13498230,nm1950921,François Pirot
1082,tt2112204,nm1950921,François Pirot
1083,tt13502758,nm2271931,David Foenkinos
1084,tt1828995,nm2271931,David Foenkinos
1085,tt7156144,nm2271931,David Foenkinos
1086,tt13502758,nm0283810,Stéphane Foenkinos
1087,tt1828995,nm0283810,Stéphane Foenkinos
1088,tt7156144,nm0283810,Stéphane Foenkinos
1089,tt1350940,nm0419894,Lucien Jean-Baptiste
1090,tt2113587,nm0419894,Lucien Jean-Baptiste
1091,tt5077886,nm0419894,Lucien Jean-Baptiste
1092,tt5256722,nm0419894,Lucien Jean-Baptiste
1093,tt6515420,nm0419894,Lucien Jean-Baptiste
1094,tt1353937,nm2131278,Emma Luchini
1095,tt3960938,nm2131278,Emma Luchini
1096,tt13553662,nm4056825,Alexandre Jollien
1097,tt1355638,nm3284014,Antoine Delesvaux
1098,tt1355638,nm2677924,Joann Sfar
1099,tt13639204,nm1569942,Jérôme Commandeur
1100,tt4787478,nm1569942,Jérôme Commandeur
1101,tt13667548,nm4971166,Constance Meyer
1102,tt13669344,nm3362170,Julien Hollande
1103,tt13742084,nm0547017,Benoît Mariage
1104,tt1376451,nm0521411,Alfred Lot
1105,tt13774454,nm3743617,Philippe Lacheau
1106,tt20424172,nm3743617,Philippe Lacheau
1107,tt3013602,nm3743617,Philippe Lacheau
1108,tt4400058,nm3743617,Philippe Lacheau
1109,tt5657028,nm3743617,Philippe Lacheau
1110,tt8523334,nm3743617,Philippe Lacheau
1111,tt13774506,nm3896311,Ilan Klipper
1112,tt6899330,nm3896311,Ilan Klipper
1113,tt13822738,nm0504642,Louis Leterrier
1114,tt13846352,nm0308039,Louis Garrel
1115,tt19841734,nm0308039,Louis Garrel
1116,tt4176556,nm0308039,Louis Garrel
1117,tt8075202,nm0308039,Louis Garrel
1118,tt13892842,nm5490994,Nadège Loiseau
1119,tt5114982,nm5490994,Nadège Loiseau
1120,tt13941852,nm1455540,Eric Fraticelli
1121,tt24156250,nm1455540,Eric Fraticelli
1122,tt14017122,nm1327560,Fabrice Maruca
1123,tt14039346,nm2834372,Nicolas Pleskof
1124,tt1405401,nm0992967,Daisy D'Errata
1125,tt14066140,nm5505555,Emma Benestan
1126,tt14073780,nm1219963,David Moreau
1127,tt2186812,nm1219963,David Moreau
1128,tt1412316,nm1325469,Christophe Campos
1129,tt14200996,nm2163264,Lauriane Escaffre
1130,tt14200996,nm2099537,Yvo Muller
1131,tt1422177,nm0956454,Jean-Jacques Zilbermann
1132,tt14280366,nm3106028,Louis-Julien Petit
1133,tt3407208,nm3106028,Louis-Julien Petit
1134,tt8633950,nm3106028,Louis-Julien Petit
1135,tt1429429,nm0997841,Hervé Renoh
1136,tt14296534,nm8381788,Mehdi Idir
1137,tt5598100,nm8381788,Mehdi Idir
1138,tt8783532,nm8381788,Mehdi Idir
1139,tt14313434,nm1604999,Nicolas Giraud
1140,tt14335980,nm0157185,Bruno Chiche
1141,tt6096500,nm0157185,Bruno Chiche
1142,tt14371818,nm0253018,Pascal Elbé
1143,tt4531006,nm0253018,Pascal Elbé
1144,tt14441788,nm7893145,Nessim Chikhaoui
1145,tt14495660,nm0843096,Robin Sykes
1146,tt7141030,nm0843096,Robin Sykes
1147,tt14500880,nm2530571,Stéphane Marelli
1148,tt1451762,nm0023832,Mathieu Amalric
1149,tt1454910,nm1292192,Marc Fitoussi
1150,tt18671246,nm1292192,Marc Fitoussi
1151,tt2246909,nm1292192,Marc Fitoussi
1152,tt3104572,nm1292192,Marc Fitoussi
1153,tt5141494,nm1292192,Marc Fitoussi
1154,tt8572922,nm1292192,Marc Fitoussi
1155,tt14550172,nm1132407,Ahmed Hamidi
1156,tt14636024,nm0108497,Luc Bricault
1157,tt14636024,nm0853685,Ida Techer
1158,tt14646488,nm1282415,Olivier Babinet
1159,tt9164788,nm1282415,Olivier Babinet
1160,tt1465487,nm0154312,Pascal Chaumeil
1161,tt1986843,nm0154312,Pascal Chaumeil
1162,tt4551314,nm0154312,Pascal Chaumeil
1163,tt14700948,nm2837673,Charles Van Tieghem
1164,tt1473063,nm0000809,Daniel Auteuil
1165,tt7654872,nm0000809,Daniel Auteuil
1166,tt1473357,nm0949210,Michaël Youn
1167,tt20601908,nm0949210,Michaël Youn
1168,tt2293138,nm0949210,Michaël Youn
1169,tt9303772,nm0949210,Michaël Youn
1170,tt14766300,nm1102455,Sophie Boudre
1171,tt14778456,nm0502133,Blandine Lenoir
1172,tt2502724,nm0502133,Blandine Lenoir
1173,tt5628792,nm0502133,Blandine Lenoir
1174,tt1479367,nm1160648,Micha Wald
1175,tt1483778,nm0233123,Valérie Donzelli
1176,tt9431080,nm0233123,Valérie Donzelli
1177,tt14872500,nm3047533,Ekoué Labitey
1178,tt14872500,nm3703401,Hamé Bourokba
1179,tt14877816,nm1435120,Edouard Deluc
1180,tt1721478,nm1435120,Edouard Deluc
1181,tt14913250,nm5663699,Céline Devaux
1182,tt15035902,nm2603743,Fabrice Bracq
1183,tt9454778,nm2603743,Fabrice Bracq
1184,tt1509742,nm1785320,Sophie Letourneur
1185,tt2434800,nm1785320,Sophie Letourneur
1186,tt25750424,nm1785320,Sophie Letourneur
1187,tt3446862,nm1785320,Sophie Letourneur
1188,tt8076110,nm1785320,Sophie Letourneur
1189,tt1509842,nm0161797,Angelo Cianci
1190,tt15140278,nm0000095,Woody Allen
1191,tt15153138,nm1909070,Murielle Magellan
1192,tt15170560,nm2418217,Gilles Perret
1193,tt15173948,nm1272853,Julien Rappeneau
1194,tt4447076,nm1272853,Julien Rappeneau
1195,tt9767556,nm1272853,Julien Rappeneau
1196,tt15372110,nm6018107,Thibault Segouin
1197,tt15377036,nm2681729,Julien Guetta
1198,tt8212614,nm2681729,Julien Guetta
1199,tt15403712,nm2294243,Rebecca Zlotowski
1200,tt9632590,nm2294243,Rebecca Zlotowski
1201,tt1547638,nm1616394,Nabil Ben Yadir
1202,tt2832422,nm1616394,Nabil Ben Yadir
1203,tt15484716,nm2054656,Didier Barcelo
1204,tt15532248,nm0213476,Ève Deboise
1205,tt1560993,nm0501548,Arnaud Lemort
1206,tt2336259,nm0501548,Arnaud Lemort
1207,tt7942936,nm0501548,Arnaud Lemort
1208,tt1560993,nm0268543,Dominique Farrugia
1209,tt1779824,nm0268543,Dominique Farrugia
1210,tt4024546,nm0268543,Dominique Farrugia
1211,tt5969846,nm0268543,Dominique Farrugia
1212,tt15665948,nm13022574,Benoît Volnais
1213,tt15665948,nm6468622,Alice Zeniter
1214,tt15676954,nm12370292,Noémie Lefort
1215,tt15732372,nm3033662,Nicolas Pariser
1216,tt8903840,nm3033662,Nicolas Pariser
1217,tt15740736,nm2273595,Claude Zidi Jr.
1218,tt8886032,nm2273595,Claude Zidi Jr.
1219,tt1576421,nm1310034,Serge Gisquière
1220,tt1576443,nm0812380,Frédéric Sojcher
1221,tt21997718,nm0812380,Frédéric Sojcher
1222,tt1583303,nm0494504,Anne Le Ny
1223,tt3053860,nm0494504,Anne Le Ny
1224,tt6286662,nm0494504,Anne Le Ny
1225,tt15838328,nm0895752,Arnaud Viard
1226,tt3480182,nm0895752,Arnaud Viard
1227,tt1587811,nm0845386,Joël Séria
1228,tt1587877,nm1773597,Hervé Mimran
1229,tt2094898,nm1773597,Hervé Mimran
1230,tt6948326,nm1773597,Hervé Mimran
1231,tt16062876,nm3939978,Gérome Barry
1232,tt1621868,nm3849618,Thierry Paya
1233,tt16306342,nm2132763,Stéphane Cazes
1234,tt1633217,nm1492932,Rachid Hami
1235,tt1633298,nm1767857,Émilie Jouvet
1236,tt1638328,nm0067166,Frédéric Beigbeder
1237,tt1638350,nm0000365,Julie Delpy
1238,tt4085944,nm0000365,Julie Delpy
1239,tt1646974,nm1098171,Michel Leclerc
1240,tt2144176,nm1098171,Michel Leclerc
1241,tt8171974,nm1098171,Michel Leclerc
1242,tt1651084,nm0630112,Guillaume Nicloux
1243,tt3504542,nm0630112,Guillaume Nicloux
1244,tt9699640,nm0630112,Guillaume Nicloux
1245,tt1653874,nm1078935,Philippe Locquet
1246,tt1663321,nm1749112,Vincent Paronnaud
1247,tt1663321,nm2277869,Marjane Satrapi
1248,tt2459758,nm2277869,Marjane Satrapi
1249,tt1669694,nm2056306,Alexandre Coffre
1250,tt2207072,nm2056306,Alexandre Coffre
1251,tt3532850,nm2056306,Alexandre Coffre
1252,tt6465308,nm2056306,Alexandre Coffre
1253,tt1671584,nm0157345,Benoît Chieux
1254,tt1671584,nm0320868,Jacques-Rémy Girerd
1255,tt1673702,nm0271246,Jean-Loup Felicioli
1256,tt1673702,nm0300944,Alain Gagnol
1257,tt1674057,nm1416796,Stéphane Robelin
1258,tt4693612,nm1416796,Stéphane Robelin
1259,tt1688064,nm0221591,Virginie Despentes
1260,tt1692206,nm3987563,Julien Baillargeon
1261,tt1692214,nm0580101,Kad Merad
1262,tt2342207,nm0580101,Kad Merad
1263,tt4523050,nm0580101,Kad Merad
1264,tt17049058,nm0704322,Frédéric Quiring
1265,tt27128442,nm0704322,Frédéric Quiring
1266,tt6021860,nm0704322,Frédéric Quiring
1267,tt8476174,nm0704322,Frédéric Quiring
1268,tt17049070,nm5810182,Olivier Ducray
1269,tt17049070,nm3777273,Wilfried Méance
1270,tt17049104,nm2970184,François Uzan
1271,tt17049112,nm9009942,Cédric Le Gallo
1272,tt6918220,nm9009942,Cédric Le Gallo
1273,tt17049112,nm4355349,Maxime Govare
1274,tt4255626,nm4355349,Maxime Govare
1275,tt6194520,nm4355349,Maxime Govare
1276,tt6918220,nm4355349,Maxime Govare
1277,tt17058536,nm11118562,Azedine Ben
1278,tt17058536,nm3299162,Laurent Junca
1279,tt1708526,nm3183376,Rachid Dhibou
1280,tt1715356,nm1061623,Philippe Claudel
1281,tt1718801,nm1125677,Anne Depétrini
1282,tt8413714,nm1125677,Anne Depétrini
1283,tt1726889,nm0002010,Christian Clavier
1284,tt1728130,nm1135265,Olias Barco
1285,tt1729630,nm1870725,Nicolas Brossette
1286,tt1730697,nm4092503,Pascal Serieis
1287,tt1730701,nm0411236,Akim Isker
1288,tt1744826,nm0169699,Renaud Cohen
1289,tt1754455,nm2613084,Luc Vinciguerra
1290,tt3332410,nm2613084,Luc Vinciguerra
1291,tt1754455,nm0896139,Paulette Victor-Lifton
1292,tt1757912,nm1086937,Zep
1293,tt17634642,nm8301352,Mélanie Auffret
1294,tt9096148,nm8301352,Mélanie Auffret
1295,tt1773578,nm3162559,Saphia Azzeddine
1296,tt7195416,nm3162559,Saphia Azzeddine
1297,tt1782467,nm0431185,Thierry Jousse
1298,tt17977602,nm4140407,Benjamin Lehrer
1299,tt1798224,nm0299396,Sylvain Fusée
1300,tt1816518,nm2883649,Benjamin Renner
1301,tt5851904,nm2883649,Benjamin Renner
1302,tt1817191,nm0856500,Sylvie Testud
1303,tt1821362,nm0826259,Lionel Steketee
1304,tt2969776,nm0826259,Lionel Steketee
1305,tt5964278,nm0826259,Lionel Steketee
1306,tt7136896,nm0826259,Lionel Steketee
1307,tt1821362,nm2660604,Thomas Ngijol
1308,tt3499754,nm2660604,Thomas Ngijol
1309,tt7936092,nm2660604,Thomas Ngijol
1310,tt1821468,nm0675387,Jean-Luc Perréard
1311,tt1821489,nm0563175,Guy Mazarguil
1312,tt18224752,nm8609176,Gilles Legardinier
1313,tt18240922,nm2605079,Victoria Bedos
1314,tt18298524,nm0745510,Cécilia Rouaud
1315,tt1992163,nm0745510,Cécilia Rouaud
1316,tt6665904,nm0745510,Cécilia Rouaud
1317,tt18350242,nm8690141,Nafsika Guerry-Karamaounas
1318,tt1838625,nm0507913,Katia Lewkowicz
1319,tt3645154,nm0507913,Katia Lewkowicz
1320,tt9372172,nm0507913,Katia Lewkowicz
1321,tt1846612,nm0603090,Laura Morante
1322,tt1850394,nm0196860,Olivier Dahan
1323,tt18550220,nm5928382,Jean-Baptiste Durand
1324,tt1857766,nm1561230,Benjamin de Lajarte
1325,tt1885331,nm1523943,Sophie Lellouche
1326,tt1891942,nm0394756,Olivier Horlait
1327,tt1891968,nm1950061,Matthieu Donck
1328,tt1941585,nm0862312,Denis Thybaud
1329,tt1943689,nm2102972,Nolwenn Lemesle
1330,tt1946269,nm1015191,Frédéric Louf
1331,tt19516696,nm2282597,Nathanaël Guedj
1332,tt19516696,nm9970487,Adrien Piquet-Gauthier
1333,tt9861288,nm9970487,Adrien Piquet-Gauthier
1334,tt1966505,nm0711512,Gábor Rassov
1335,tt19719862,nm7832675,Lise Akoka
1336,tt19719862,nm8030726,Romane Gueret
1337,tt19733052,nm13585246,Hakim Boughéraba
1338,tt19733052,nm6102337,Ali Bougheraba
1339,tt1974287,nm0951520,Jonathan Zaccaï
1340,tt19815990,nm3308124,Cosme Castro
1341,tt19815990,nm9670522,Jeanne Frenkel
1342,tt19858178,nm0244784,Christophe Duthuron
1343,tt7654890,nm0244784,Christophe Duthuron
1344,tt2005173,nm0141132,Philippe Carrèse
1345,tt2011993,nm0157145,Malik Chibane
1346,tt5337760,nm0157145,Malik Chibane
1347,tt20227026,nm12560062,Martin Jauvat
1348,tt20249446,nm4511619,Carine May
1349,tt20249446,nm1930927,Hakim Zouhani
1350,tt20383014,nm1595014,Barbara Biancardini
1351,tt20383014,nm0430629,Karole Rocher
1352,tt7936092,nm0430629,Karole Rocher
1353,tt20424172,nm3783859,Marc David
1354,tt2062990,nm4680629,Christelle Raynal
1355,tt20673642,nm1138210,Varante Soudjian
1356,tt9680064,nm1138210,Varante Soudjian
1357,tt9811374,nm1138210,Varante Soudjian
1358,tt2070776,nm1672051,Régis Roinsard
1359,tt20766628,nm8202045,Andréa Bescond
1360,tt7502234,nm8202045,Andréa Bescond
1361,tt20766628,nm0617777,Eric Métayer
1362,tt7502234,nm0617777,Eric Métayer
1363,tt2077703,nm4710591,Marguerite Abouet
1364,tt2077703,nm3154125,Clément Oubrerie
1365,tt2081435,nm4717181,Stéphan Archinard
1366,tt4538708,nm4717181,Stéphan Archinard
1367,tt7305366,nm4717181,Stéphan Archinard
1368,tt2081435,nm4716891,François Prévôt-Leygonie
1369,tt4538708,nm4716891,François Prévôt-Leygonie
1370,tt7305366,nm4716891,François Prévôt-Leygonie
1371,tt2087850,nm0073384,Emmanuelle Bercot
1372,tt2289538,nm0073384,Emmanuelle Bercot
1373,tt2087850,nm0146991,Fred Cavayé
1374,tt5253294,nm0146991,Fred Cavayé
1375,tt7489816,nm0146991,Fred Cavayé
1376,tt2087850,nm2035216,Alexandre Courtès
1377,tt2087850,nm0241121,Jean Dujardin
1378,tt2087850,nm0500976,Gilles Lellouche
1379,tt2094872,nm0146637,Brice Cauvin
1380,tt2102364,nm0065510,Louis Becker
1381,tt2104080,nm1557889,Romain Lévy
1382,tt5976178,nm1557889,Romain Lévy
1383,tt21042306,nm0894173,Sylvie Verheyde
1384,tt2112129,nm0312315,Hugo Gélin
1385,tt5078204,nm0312315,Hugo Gélin
1386,tt8265928,nm0312315,Hugo Gélin
1387,tt2113587,nm0489344,Philippe Larue
1388,tt2119511,nm1290014,Christophe Turpin
1389,tt21249808,nm4246728,Malik Bentalha
1390,tt21249808,nm1415268,Ludovic Colbeau-Justin
1391,tt5600326,nm1415268,Ludovic Colbeau-Justin
1392,tt9908390,nm1415268,Ludovic Colbeau-Justin
1393,tt21257212,nm3838252,Jean-Marc Peyrefitte
1394,tt2129887,nm1388428,Nicolas Bary
1395,tt6194538,nm1388428,Nicolas Bary
1396,tt21309242,nm5959317,Eloïse Lang
1397,tt4466362,nm5959317,Eloïse Lang
1398,tt8098548,nm5959317,Eloïse Lang
1399,tt21348598,nm1662707,Thomas Lilti
1400,tt2891070,nm1662707,Thomas Lilti
1401,tt5078326,nm1662707,Thomas Lilti
1402,tt6690004,nm1662707,Thomas Lilti
1403,tt21358120,nm10189342,Anthony Adam
1404,tt21358820,nm1077862,Virginie Sauveur
1405,tt21431680,nm3423115,Florent Gouëlou
1406,tt21438594,nm5627015,Mohamed Hamidi
1407,tt2844994,nm5627015,Mohamed Hamidi
1408,tt4505208,nm5627015,Mohamed Hamidi
1409,tt7882250,nm5627015,Mohamed Hamidi
1410,tt9031048,nm5627015,Mohamed Hamidi
1411,tt2153905,nm0500977,Philippe Lellouche
1412,tt2311182,nm0500977,Philippe Lellouche
1413,tt21627730,nm1928581,Baya Kasmi
1414,tt4025194,nm1928581,Baya Kasmi
1415,tt21638298,nm0491259,Mélanie Laurent
1416,tt2165166,nm0220907,Dante Desarthe
1417,tt2179121,nm0478799,Alexandre de La Patellière
1418,tt9284430,nm0478799,Alexandre de La Patellière
1419,tt21810762,nm1170375,Laurent Bru
1420,tt21810762,nm3778278,Yannick Moulin
1421,tt21810762,nm12602445,Benoît Somville
1422,tt21828496,nm2806105,Ramzi Ben Sliman
1423,tt21877348,nm13976855,Jeanne Aslan
1424,tt21877348,nm1356408,Paul Saintillan
1425,tt21909950,nm5057444,Maïmouna Doucouré
1426,tt2191765,nm0724938,Jean-François Richet
1427,tt2194607,nm0488645,Estelle Larrivaz
1428,tt2197088,nm5099330,Vianney Lebasque
1429,tt8572922,nm5099330,Vianney Lebasque
1430,tt8826496,nm5099330,Vianney Lebasque
1431,tt2200144,nm0001929,Josiane Balasko
1432,tt2215395,nm0257991,Jérôme Enrico
1433,tt4428720,nm0257991,Jérôme Enrico
1434,tt22169328,nm11496454,Jérémie Levypon
1435,tt22180542,nm7349207,Timothée Hochet
1436,tt22180542,nm11617021,Lucas Pastor
1437,tt2229253,nm1870495,Namir Abdel Messeeh
1438,tt22352776,nm4922654,Julien Chheng
1439,tt22352776,nm0736643,Jean-Christophe Roger
1440,tt22360682,nm1120902,David Alaux
1441,tt6314690,nm1120902,David Alaux
1442,tt22360682,nm1119868,Eric Tosti
1443,tt8329148,nm1119868,Eric Tosti
1444,tt22360682,nm1119869,Jean-François Tosti
1445,tt2261749,nm0023517,Ruben Alves
1446,tt2271777,nm1310723,Marie-Castille Mention-Schaar
1447,tt3289126,nm1310723,Marie-Castille Mention-Schaar
1448,tt8228700,nm1310723,Marie-Castille Mention-Schaar
1449,tt2276095,nm0850366,Carine Tardieu
1450,tt5629340,nm0850366,Carine Tardieu
1451,tt2282849,nm4151736,Franck Gastambide
1452,tt4531694,nm4151736,Franck Gastambide
1453,tt7238392,nm4151736,Franck Gastambide
1454,tt22872766,nm6767387,Adib Alkhalidey
1455,tt22872766,nm8161834,Panayotis Pascot
1456,tt2315200,nm0302916,Guillaume Gallienne
1457,tt2321405,nm1957706,Claude Barras
1458,tt2330546,nm2277061,Jean-Marc Rudnicki
1459,tt2353989,nm4995533,Alexandre Villeret
1460,tt2354181,nm4996483,Anthony Marciano
1461,tt4032428,nm4996483,Anthony Marciano
1462,tt7998848,nm4996483,Anthony Marciano
1463,tt2359652,nm0262098,Anne-Marie Etienne
1464,tt2361110,nm1228287,Nicolas Mercier
1465,tt2375791,nm0007052,Nick Quinn
1466,tt23790924,nm4658431,Stéphan Castang
1467,tt23856264,nm6806275,Nathan Ambrosioni
1468,tt23867462,nm2361701,Frank Bellocq
1469,tt6960736,nm2361701,Frank Bellocq
1470,tt2390281,nm0613587,Stéphanie Murat
1471,tt2397487,nm5046332,Stéphane Viard
1472,tt2397489,nm0226386,Dieudonné
1473,tt2399499,nm1290937,Juliette Arnaud
1474,tt2399499,nm0962593,Corinne Puget
1475,tt2401912,nm1940197,Joel Franka
1476,tt2402577,nm1014409,Lionel Bailliu
1477,tt2416376,nm2796483,Ruben Amar
1478,tt2416376,nm4178963,Lola Bessis
1479,tt2418298,nm2032669,Philippe Appietto
1480,tt2418298,nm5294080,Nathalie Sauvegrain
1481,tt2420886,nm3372724,Reem Kherici
1482,tt6009140,nm3372724,Reem Kherici
1483,tt24330928,nm2176563,Booder
1484,tt24330928,nm8348573,Gaëlle Falzerana
1485,tt2435076,nm0726034,Patrick Ridremont
1486,tt25154176,nm11330663,Bastien Milheau
1487,tt2520516,nm1602507,Clément Michel
1488,tt2521724,nm5367831,Julien Abraham
1489,tt9351598,nm5367831,Julien Abraham
1490,tt2538654,nm0153265,Alexandre Charlot
1491,tt5666160,nm0153265,Alexandre Charlot
1492,tt2538654,nm0536251,Franck Magnier
1493,tt5666160,nm0536251,Franck Magnier
1494,tt2545186,nm3627727,Delphine de Vigan
1495,tt2593230,nm0030681,Sólveig Anspach
1496,tt4161564,nm0030681,Sólveig Anspach
1497,tt2602664,nm1272325,Martin Le Gall
1498,tt2609222,nm0851724,Bertrand Tavernier
1499,tt2630162,nm0603294,Gérard Mordillat
1500,tt2641648,nm0231319,Arielle Dombasle
1501,tt2664012,nm3320456,Shalimar Preuss
1502,tt2664838,nm2108768,Nicolas Castro
1503,tt2693702,nm0000419,Jean-Luc Godard
1504,tt2693702,nm0000425,Peter Greenaway
1505,tt2693702,nm0702477,Edgar Pêra
1506,tt2716554,nm0405578,Marion Hänsel
1507,tt2720966,nm5534380,Jay Oswald
1508,tt27502506,nm2668884,Elias Belkeddar
1509,tt2792346,nm2130235,Mona Achache
1510,tt2792348,nm0153456,Françoise Charpiat
1511,tt2795848,nm0758933,Jean-Paul Salomé
1512,tt9288726,nm0758933,Jean-Paul Salomé
1513,tt2800356,nm0694946,Manuel Pradal
1514,tt2811878,nm2287606,Yann Gonzalez
1515,tt2821648,nm0299677,René Féret
1516,tt2835546,nm0142674,Camille de Casabianca
1517,tt2836464,nm4082438,Samuel Rondière
1518,tt2846996,nm2630323,Justine Triet
1519,tt5078214,nm2630323,Justine Triet
1520,tt2855342,nm3196030,Ernesto Oña
1521,tt2916510,nm0740612,Axelle Ropert
1522,tt5078100,nm0740612,Axelle Ropert
1523,tt2922440,nm1085510,Benjamin Guedj
1524,tt2944140,nm4603696,Ambroise Carminati
1525,tt2979414,nm0698964,Frédéric Proust
1526,tt2994626,nm5743946,Yamini Lila Kumar
1527,tt3013588,nm0097785,Rose Bosch
1528,tt3041452,nm2463233,Antoine Blossier
1529,tt3077818,nm0227570,Isabelle Doval
1530,tt7474432,nm0227570,Isabelle Doval
1531,tt3114432,nm5870374,Fabrice Begotti
1532,tt3144600,nm2147000,Amelle Chahbi
1533,tt3169710,nm3431390,Vincent Mariette
1534,tt3194410,nm0064741,Xavier Beauvois
1535,tt3202098,nm5958788,Julien Neel
1536,tt3202392,nm0494558,Didier Le Pêcheur
1537,tt3202408,nm2176554,Manu Payet
1538,tt3204144,nm3619993,Thomas Cailley
1539,tt3223302,nm0415658,Olivier Jahan
1540,tt3229778,nm2292859,Hervé Freiburger
1541,tt3229778,nm2280143,Cédric Hachard
1542,tt3229778,nm2285780,Sébastien Milhou
1543,tt3324286,nm1126800,Stéphane Meunier
1544,tt3398868,nm0296828,Raphaël Frydman
1545,tt3407236,nm2324637,Xavier Seron
1546,tt9384150,nm2324637,Xavier Seron
1547,tt3422078,nm2903634,Christian Desmares
1548,tt3422078,nm1458457,Franck Ekinci
1549,tt3431806,nm1194101,Patric Chiha
1550,tt3433358,nm0380831,Jeanne Herry
1551,tt3454148,nm1802049,Doris Buttignol
1552,tt3454148,nm6342420,Carole Menduni
1553,tt3454148,nm2344309,Benjamin Nuel
1554,tt3519272,nm0746162,Jean-Paul Rouve
1555,tt7721550,nm0746162,Jean-Paul Rouve
1556,tt3577618,nm4452975,Julien de Volte
1557,tt3577618,nm5103997,Arnaud Tabarly
1558,tt3592172,nm1193701,Tristan Aurouet
1559,tt8572922,nm1193701,Tristan Aurouet
1560,tt3592176,nm0180462,Jérôme Cornuau
1561,tt3624624,nm0780999,Dorothée Sebbagh
1562,tt3636528,nm1167415,Thomas Salvador
1563,tt3686782,nm1917072,Frédéric Grousset
1564,tt3759416,nm3088151,Louis Clichy
1565,tt8001346,nm3088151,Louis Clichy
1566,tt3759416,nm1594248,Alexandre Astier
1567,tt8001346,nm1594248,Alexandre Astier
1568,tt9844322,nm1594248,Alexandre Astier
1569,tt3792960,nm0233757,Jaco Van Dormael
1570,tt3814316,nm0742323,Rudi Rosenberg
1571,tt3828466,nm2683602,Stéphane Demoustier
1572,tt7766144,nm2683602,Stéphane Demoustier
1573,tt3854802,nm5597428,Alice Philippon
1574,tt3854802,nm5597257,Rose Philippon
1575,tt3855834,nm2103509,Marie Belhomme
1576,tt3858372,nm3021000,Alexandre Heboyan
1577,tt3858372,nm1077663,Benoît Philippon
1578,tt3876560,nm3344222,Damien Manivel
1579,tt3905060,nm4084364,Benjamin Crotty
1580,tt3969522,nm1334644,Laurent Laffargue
1581,tt4023430,nm3603418,Ina Mihalache
1582,tt4032450,nm3367478,Alex Lutz
1583,tt7253216,nm3367478,Alex Lutz
1584,tt4035268,nm0958558,Andrzej Zulawski
1585,tt4040042,nm0522151,Olivier Loustau
1586,tt4058218,nm1199305,Anne Giafferi
1587,tt8214204,nm1199305,Anne Giafferi
1588,tt4075488,nm0347029,Guillaume Malandrin
1589,tt4075488,nm1166131,Stéphane Malandrin
1590,tt4080672,nm1113528,Martin Bourboulon
1591,tt5833730,nm1113528,Martin Bourboulon
1592,tt4161564,nm0300858,Jean-Luc Gaget
1593,tt4164350,nm0758161,Pierre-Henry Salfati
1594,tt4168470,nm1802173,Armel Hostiou
1595,tt4216890,nm4540217,Rachel Lang
1596,tt4250606,nm1457966,Farid Bentoumi
1597,tt4313608,nm4001962,Arthur Delaire
1598,tt4313608,nm4002493,Quentin Reynaud
1599,tt4384186,nm5602595,Paul Lefevre
1600,tt4386356,nm1175497,Cyril Gelblat
1601,tt8572922,nm1175497,Cyril Gelblat
1602,tt4400086,nm2119371,Sylvain Desclous
1603,tt4428714,nm4265813,Solange Cicurel
1604,tt4466864,nm2615804,Arthur Benzaquen
1605,tt4467176,nm0587791,Patrick Mille
1606,tt4576612,nm4765550,Orelsan
1607,tt4607228,nm2798580,Marie Madinier
1608,tt4621060,nm2277111,Christelle Lheureux
1609,tt4625516,nm6364081,Edouard Pluvieux
1610,tt4629028,nm5460063,Elliott Covrigaru
1611,tt4717402,nm0632722,Shôjirô Nishimi
1612,tt4717402,nm1640505,Guillaume Renard
1613,tt4725842,nm1618621,Olivier Afonso
1614,tt4741686,nm0077622,Marilou Berry
1615,tt8871394,nm0077622,Marilou Berry
1616,tt4741714,nm0331868,Igor Gotesman
1617,tt4783254,nm0529616,Pierre Léon
1618,tt4787478,nm0180444,Alan Corno
1619,tt4835472,nm0182669,Flavia Coste
1620,tt4838440,nm0802807,Florent-Emilio Siri
1621,tt4875774,nm2027544,Kostia Testut
1622,tt4875774,nm2021905,Paul Calori
1623,tt4877258,nm4502120,Lamine Diakite
1624,tt4937928,nm1201906,Antoine Barraud
1625,tt5037626,nm2345041,Eric Gravel
1626,tt5077538,nm0309996,Émile Gaudreault
1627,tt5078158,nm1291916,Diastème
1628,tt5078202,nm0037287,Adolfo Arrieta
1629,tt5080356,nm0169621,Michaël Cohen
1630,tt5096486,nm3362182,Maxime Motte
1631,tt5137222,nm0717959,Sophie Reine
1632,tt5148864,nm5361666,Raphaël Descraques
1633,tt5199486,nm3163047,Éric Capitaine
1634,tt5227512,nm2310548,Jean-Philippe Gaud
1635,tt5236110,nm3588664,Touria Benzari
1636,tt5263324,nm0408120,Denis Imbert
1637,tt5308364,nm2131687,Héctor Cabello Reyes
1638,tt8600414,nm2131687,Héctor Cabello Reyes
1639,tt5313906,nm1438228,Arthur de Pins
1640,tt5313906,nm4214224,Alexis Ducord
1641,tt5356260,nm0158903,Dominique Choisy
1642,tt5356292,nm1580737,Gérard Pautonnier
1643,tt5378294,nm1513041,Guilhem Amesland
1644,tt5488234,nm0537646,Maïté Maillé
1645,tt5515670,nm1367560,Levon Minasian
1646,tt5598100,nm2120560,Grand Corps Malade
1647,tt8783532,nm2120560,Grand Corps Malade
1648,tt5598160,nm4874872,Léonor Serraille
1649,tt5600326,nm5245171,Nawell Madani
1650,tt5636222,nm0007622,Sou Abadi
1651,tt5642856,nm3079666,Mamane
1652,tt5698638,nm1953429,Wissam Charaf
1653,tt5698748,nm6817500,Hugo P. Thomas
1654,tt5698748,nm6645350,Marielle Gautier
1655,tt5701120,nm0045574,Dominic Bachy
1656,tt5729818,nm0179576,Antony Cordier
1657,tt5765586,nm6339131,Rock Brenner
1658,tt5799362,nm0323885,Patrick Godeau
1659,tt5851904,nm1348707,Patrick Imbert
1660,tt5852632,nm0415207,Luc Jacquet
1661,tt5867796,nm2839098,Fabien Gorgeart
1662,tt5869404,nm2348224,Adrià García
1663,tt5876352,nm0816002,Jean-Michel Bensoussan
1664,tt5895782,nm1509908,Élise Girard
1665,tt5956234,nm4436702,Modi Barry
1666,tt5956234,nm1957956,Cédric Ido
1667,tt5986246,nm1309724,Anne-Gaëlle Daval
1668,tt6095616,nm1267707,Nicolas Bedos
1669,tt7972012,nm1267707,Nicolas Bedos
1670,tt9172422,nm1267707,Nicolas Bedos
1671,tt6096948,nm1763490,Julien Hallard
1672,tt6194540,nm1768202,Teddy Lussi-Modeste
1673,tt6194704,nm2644285,Virginie Verrier
1674,tt6230134,nm3897310,Neïl Beloufa
1675,tt6268152,nm4772724,Coline Assous
1676,tt6268152,nm5784082,Virginie Schwartz
1677,tt6286668,nm0371891,Serge Hazanavicius
1678,tt6290418,nm0044310,Myriam Aziza
1679,tt6314766,nm3380955,Arnaud Bouron
1680,tt6314766,nm3469450,Antoon Krings
1681,tt6340640,nm1252362,Bertrand Mandico
1682,tt6386684,nm0221711,Antoine Desrosières
1683,tt6423776,nm0219136,Claire Denis
1684,tt6441072,nm1573797,Océan
1685,tt6441072,nm2290205,Cyprien Vial
1686,tt6445408,nm3930347,Olivier Casas
1687,tt6451260,nm0029762,Cédric Anger
1688,tt6481478,nm1201869,Olivier Ayache-Vidal
1689,tt6545028,nm2303069,Mikael Buch
1690,tt6556552,nm0858061,Sébastien Thiery
1691,tt6659876,nm3688112,Charles Guérin Surville
1692,tt6777422,nm0148996,Pascal Cervo
1693,tt6820184,nm0000521,Sophie Marceau
1694,tt6832138,nm1132447,Julien Hervé
1695,tt6832138,nm2382268,Philippe Mechelen
1696,tt6857988,nm0693844,Eléonore Pourriat
1697,tt6892462,nm0310615,Romain Gavras
1698,tt6913168,nm0098953,Rachid Bouchareb
1699,tt6948326,nm3305283,Julie Gali
1700,tt7005962,nm0494426,Christophe Le Masne
1701,tt7027092,nm1164755,Xavier Gens
1702,tt7028250,nm2295945,Maryam Goormaghtigh
1703,tt7029854,nm2561131,Tony T. Datis
1704,tt7110510,nm9113892,Léa Frédeval
1705,tt7126114,nm5121215,Loïc Paillard
1706,tt7195416,nm1266087,François-Régis Jeanne
1707,tt7201846,nm1119022,Alexis Michalik
1708,tt7205316,nm0480831,Axelle Laffont
1709,tt7241074,nm2963897,Mathieu Sapin
1710,tt7296782,nm0320784,Hélène Giraud
1711,tt7296782,nm0843604,Thomas Szabo
1712,tt7388274,nm4409981,Jonathan Desoindre
1713,tt7388274,nm9484834,Ella Kowalska
1714,tt7397338,nm2439357,Claire Burger
1715,tt7417994,nm0528969,Philippe Lyon
1716,tt7451234,nm0765532,Marion Sarraut
1717,tt7458798,nm1602696,Lucas Bernard
1718,tt7491128,nm6872947,Victor Saint Macary
1719,tt7501966,nm3930693,Marie-Sophie Chambon
1720,tt7517232,nm0885857,Didier Van Cauwelaert
1721,tt7533956,nm3590879,Emmanuel Gillibert
1722,tt7534150,nm9279546,Patrick Cassir
1723,tt7543888,nm5675952,Carmen Alessandrin
1724,tt7543914,nm0594956,Félix Moati
1725,tt7654880,nm1615914,José Alcala
1726,tt7661518,nm6788051,Maxime Roy
1727,tt7684416,nm1633547,Cheng-Chui Kuo
1728,tt7769530,nm0140641,Eric Carrière
1729,tt9169966,nm0140641,Eric Carrière
1730,tt7769530,nm0320033,Francis Ginibre
1731,tt9169966,nm0320033,Francis Ginibre
1732,tt7831674,nm4135794,Pierre Godeau
1733,tt8020648,nm1525639,Joséphine de Meaux
1734,tt8028842,nm0412247,Guillaume Ivernel
1735,tt8028842,nm9640880,Zhiyi Zhang
1736,tt8058904,nm0323886,Philippe Godeau
1737,tt8080196,nm0434806,Cédric Kahn
1738,tt8323120,nm0466153,Kore-eda Hirokazu
1739,tt8334144,nm0530031,Bruno López
1740,tt8334144,nm0896612,Emmanuel Vieilly
1741,tt8338930,nm0219229,Michel Denisot
1742,tt8398768,nm1460782,François Damiens
1743,tt8399088,nm0208022,Xavier de Choudens
1744,tt8409924,nm0224780,David Diane
1745,tt8409924,nm0818776,Morgan Spillemaecker
1746,tt8421056,nm5142587,Claude Schmitz
1747,tt8500038,nm3344466,Maxime Matray
1748,tt8500038,nm2488934,Alexia Walther
1749,tt8506714,nm0050210,Jeanne Balibar
1750,tt8572922,nm0081179,Thomas Bidegain
1751,tt8599746,nm7082821,Ladislas Chollat
1752,tt8682932,nm0653367,Élise Otzenberger
1753,tt8792898,nm0001960,Romane Bohringer
1754,tt8792898,nm0714235,Philippe Rebbot
1755,tt8802706,nm0023703,Christophe Alévêque
1756,tt8802706,nm10030710,Beef
1757,tt8802706,nm10030712,Brigitte Busquet
1758,tt8802706,nm6788140,Rémi Cotta
1759,tt8802706,nm0220319,Jean-Claude Deret
1760,tt8802706,nm0239387,Charles Dubois
1761,tt8802706,nm0287177,Sophie Forte
1762,tt8802706,nm2196613,GiedRé
1763,tt8802706,nm6845264,Nadia Kozlowski Bourgade
1764,tt8802706,nm0545022,Phil Marboeuf
1765,tt8802706,nm9605419,Albert Meslay
1766,tt8802706,nm5040935,Miguel-Ange Sarmiento
1767,tt8881530,nm0359141,Amro Hamzawi
1768,tt8886032,nm10068479,Cyrille Droux
1769,tt8956156,nm1316194,Julien Weill
1770,tt8992390,nm0504267,Jalil Lespert
1771,tt9016296,nm0499448,Gilles Legrand
1772,tt9041234,nm1398405,Ronan Le Page
1773,tt9041586,nm1933734,Julie Manoukian
1774,tt9053344,nm2185894,Jean-Luc Ayach
1775,tt9066502,nm1927432,Judith Davis
1776,tt9120416,nm2563164,Josephine Mackerras
1777,tt9155512,nm1760751,François Descraques
1778,tt9172490,nm4874812,Benjamin Parent
1779,tt9209312,nm0540962,Mathias Malzieu
1780,tt9303508,nm7348359,Elena Kizilova
1781,tt9384150,nm2331413,Raphaël Balboni
1782,tt9384150,nm2327785,Méryl Fortunat-Rossi
1783,tt9384150,nm5940104,Pablo Munoz Gomez
1784,tt9384150,nm3621052,Ann Sirot
1785,tt9568486,nm0594856,Mathias Mlekuz
1786,tt9625632,nm5738822,Antoine de Bary
1787,tt9629114,nm9811731,Gaetan Liekens
1788,tt9629114,nm4467762,David Mutzenmacher
1789,tt9648886,nm9957570,Manele Labidi
1790,tt9679234,nm5581379,Bruno Mercier
1791,tt9719864,nm2916570,Rémi Chayé
1792,tt9894450,nm1315212,Bruno Merle
